id,emotion,en,kn,mr,tTa
p001,joy,"I am so incredibly happy right now!","ನಾನು ಈಗ ನಂಬಲಾಗದಷ್ಟು ಸಂತೋಷವಾಗಿದ್ದೇನೆ!","मी आता अविश्वसनीयपणे आनंदी आहे!","நான் இப்போது நம்பமுடியாத அளவிற்கு மகிழ்ச்சியாக இருக்கிறேன்!"
p002,joy,"This is the best news I've heard all week!","ಈ ವಾರ ನಾನು ಕೇಳಿದ ಅತ್ಯುತ್ತಮ ಸುದ್ದಿ ಇದು!","या आठवड्यात मी ऐकलेली ही सर्वोत्तम बातमी आहे!","இந்த வாரம் நான் கேட்டதிலேயே இதுதான் சிறந்த செய்தி!"
p003,joy,"My heart is bursting with happiness!","ನನ್ನ ಹೃದಯ ಸಂತೋಷದಿಂದ ಸಿಡಿಯುತ್ತಿದೆ!","माझे हृदय आनंदाने भरून आले आहे!","என் இதயம் மகிழ்ச்சியால் வெடிக்கிறது!"
p004,joy,"Winning this feels absolutely amazing!","ಇದನ್ನು ಗೆದ್ದಿದ್ದು ನಿಜವಾಗಿಯೂ ಅದ್ಭುತವಾಗಿದೆ!","हे जिंकणे खरोखरच आश्चर्यकारक वाटते!","இதை வென்றது முற்றிலும் அற்புதமாக உணர்கிறேன்!"
p005,joy,"I can't stop smiling, I'm just so thrilled.","ನನಗೆ ನಗು ನಿಲ್ಲಿಸಲು ಸಾಧ್ಯವಿಲ್ಲ, ನಾನು ತುಂಬಾ ಪುಳಕಿತನಾಗಿದ್ದೇನೆ.","मी हसणे थांबवू शकत नाही, मी खूप उत्साही आहे.","என்னால் சிரிப்பதை நிறுத்த முடியவில்லை, நான் மிகவும் பரவசமடைகிறேன்."
p006,joy,"You've made my entire day wonderful.","ನೀವು ನನ್ನ ಇಡೀ ದಿನವನ್ನು ಅದ್ಭುತವಾಗಿಸಿದ್ದೀರಿ.","तुम्ही माझा संपूर्ण दिवस अप्रतिम बनवला आहे.","நீங்கள் என் முழு நாளையும் அற்புதமாக்கிவிட்டீர்கள்."
p007,joy,"What a delightful surprise!","ಎಂಥಾ ಸಂತೋಷದಾಯಕ ಆಶ್ಚರ್ಯ!","काय आनंददायक आश्चर्य!","என்ன ஒரு மகிழ்ச்சியான ஆச்சரியம்!"
p008,joy,"I feel so light and full of life!","ನನಗೆ ತುಂಬಾ ಹಗುರ ಮತ್ತು ಚೈತನ್ಯ ತುಂಬಿದ ಹಾಗೆ ಅನಿಸುತ್ತಿದೆ!","मला खूप हलके आणि उत्साही वाटते!","நான் மிகவும் லேசாகவும் உயிர்ச்சத்துடனும் உணர்கிறேன்!"
p009,joy,"This moment is pure perfection.","ಈ ಕ್ಷಣ ಶುದ್ಧ ಪರಿಪೂರ್ಣತೆ.","हा क्षण शुद्ध परिपूर्णता आहे.","இந்த தருணம் தூய பரிபூரணம்."
p010,joy,"I'm on cloud nine right now!","ನಾನು ಈಗ ಸಂತೋಷದ ಉತ್ತುಂಗದಲ್ಲಿದ್ದೇನೆ!","मी सध्या खूप आनंदात आहे!","நான் இப்போது மேகங்களின் மீது மிதக்கிறேன்!"
p011,trust,"I know I can always count on you.","ನಾನು ಯಾವಾಗಲೂ ನಿನ್ನನ್ನು ನಂಬಬಹುದು ಎಂದು ನನಗೆ ತಿಳಿದಿದೆ.","मला माहित आहे की मी तुझ्यावर नेहमीच अवलंबून राहू शकतो.","நான் எப்போதும் உன்னை நம்பலாம் என்று எனக்குத் தெரியும்."
p012,trust,"With you by my side, I feel safe.","ನೀನು ನನ್ನ ಪಕ್ಕದಲ್ಲಿರುವುದರಿಂದ, ನನಗೆ ಸುರಕ್ಷಿತವೆನಿಸುತ್ತದೆ.","तू माझ्या पाठीशी असल्याने मला सुरक्षित वाटते.","நீ என் அருகில் இருப்பதால், நான் பாதுகாப்பாக உணர்கிறேன்."
p013,trust,"I believe in you completely.","ನಾನು ನಿನ್ನನ್ನು ಸಂಪೂರ್ಣವಾಗಿ ನಂಬುತ್ತೇನೆ.","माझा तुझ्यावर पूर्ण विश्वास आहे.","நான் உன்னை முழுமையாக நம்புகிறேன்."
p014,trust,"You've never given me a reason to doubt.","ನೀನು ಸಂಶಯಿಸಲು ನನಗೆ ಎಂದಿಗೂ ಕಾರಣ ಕೊಟ್ಟಿಲ್ಲ.","तू मला शंका घेण्यास कधीच कारण दिलेले नाही.","சந்தேகப்பட நீ எனக்கு ஒருபோதும் காரணம் கொடுத்ததில்லை."
p015,trust,"My secret is safe with you.","ನನ್ನ ರಹಸ್ಯ ನಿನ್ನೊಂದಿಗೆ ಸುರಕ್ಷಿತವಾಗಿದೆ.","माझे रहस्य तुझ्याकडे सुरक्षित आहे.","என் ரகசியம் உன்னுடன் பாதுகாப்பாக உள்ளது."
p016,trust,"I have complete faith in your judgment.","ನಿನ್ನ ನಿರ್ಣಯದ ಮೇಲೆ ನನಗೆ ಸಂಪೂರ್ಣ ನಂಬಿಕೆ ಇದೆ.","माझा तुझ्या निर्णयावर पूर्ण विश्वास आहे.","உங்கள் தீர்ப்பில் எனக்கு முழு நம்பிக்கை உள்ளது."
p017,trust,"Your word is good enough for me.","ನಿನ್ನ ಮಾತು ನನಗೆ ಸಾಕು.","तुझा शब्द माझ्यासाठी पुरेसा आहे.","உங்கள் வார்த்தை எனக்குப் போதும்."
p018,trust,"I know you have my back.","ನೀನು ನನ್ನ ಬೆಂಬಲಕ್ಕೆ ಇದ್ದೀಯ ಎಂದು ನನಗೆ ತಿಳಿದಿದೆ.","मला माहित आहे की तू माझ्या पाठीशी आहेस.","நீங்கள் என் பின்னால் இருக்கிறீர்கள் என்று எனக்குத் தெரியும்."
p019,trust,"Your honesty is deeply appreciated.","ನಿಮ್ಮ ಪ್ರಾಮಾಣಿಕತೆಯನ್ನು ನಾನು ತುಂಬಾ ಮೆಚ್ಚುತ್ತೇನೆ.","तुमच्या प्रामाणिकपणाचे खूप कौतुक आहे.","உங்கள் நேர்மை ஆழ்ந்த பாராட்டிற்குரியது."
p020,trust,"I'll follow your lead on this.","ಈ ವಿಷಯದಲ್ಲಿ ನಾನು ನಿಮ್ಮನ್ನು ಅನುಸರಿಸುತ್ತೇನೆ.","या बाबतीत मी तुमचे नेतृत्व स्वीकारेन.","இதில் நான் உங்கள் வழியைப் பின்பற்றுவேன்."
p021,fear,"That sound is making my skin crawl.","ಆ ಶಬ್ದ ನನ್ನ ಮೈ ಜುಮ್ಮೆನಿಸುತ್ತಿದೆ.","त्या आवाजाने माझ्या अंगावर शहारे येत आहेत.","அந்த சத்தம் என் தோலை சிலிர்க்க வைக்கிறது."
p022,fear,"I have a terrible feeling about this place.","ಈ ಸ್ಥಳದ ಬಗ್ಗೆ ನನಗೆ ಕೆಟ್ಟ ಭಾವನೆ ಇದೆ.","मला या जागेबद्दल खूप वाईट वाटत आहे.","இந்த இடத்தைப் பற்றி எனக்கு ஒரு பயங்கரமான உணர்வு இருக்கிறது."
p023,fear,"Don't leave me alone in the dark!","ನನ್ನನ್ನು ಕತ್ತಲೆಯಲ್ಲಿ ಒಬ್ಬಂಟಿಯಾಗಿ ಬಿಡಬೇಡ!","मला अंधारात एकटे सोडू नको!","என்னை இருட்டில் தனியாக விட்டுவிடாதீர்கள்!"
p024,fear,"My heart is pounding with terror.","ನನ್ನ ಹೃದಯ ಭಯದಿಂದ ಬಡಿದುಕೊಳ್ಳುತ್ತಿದೆ.","माझे हृदय दहशतीने धडधडत आहे.","என் இதயம் பயத்தால் துடிக்கிறது."
p025,fear,"I'm too scared to even move.","ನನಗೆ ಚಲಿಸಲು ಸಹ ತುಂಬಾ ಭಯವಾಗುತ್ತಿದೆ.","मला हलायला सुद्धा खूप भीती वाटते.","நகர்வதற்குக் கூட எனக்கு மிகவும் பயமாக இருக்கிறது."
p026,fear,"What if something awful happens?","ಏನಾದರೂ ಭಯಾನಕವಾದರೆ ಏನು ಮಾಡುವುದು?","जर काहीतरी भयंकर घडले तर?","ஏதாவது பயங்கரமான சம்பவம் நடந்தால் என்ன செய்வது?"
p027,fear,"I can't shake this feeling of dread.","ಈ ಭಯದ ಭಾವನೆಯನ್ನು ನಾನು 떨쳐ಹಾಕಲು ಸಾಧ್ಯವಿಲ್ಲ.","मी ही भीतीची भावना झटकू शकत नाही.","இந்த பயத்தின் உணர்வை என்னால் அசைக்க முடியவில்லை."
p028,fear,"There's someone watching us, I can feel it.","ಯಾರೋ ನಮ್ಮನ್ನು ನೋಡುತ್ತಿದ್ದಾರೆ, ನನಗೆ ಅದು ಅನುಭವವಾಗುತ್ತಿದೆ.","कोणीतरी आपल्यावर लक्ष ठेवून आहे, मला ते जाणवते.","யாரோ நம்மைக் கவனிக்கிறார்கள், என்னால் அதை உணர முடிகிறது."
p029,fear,"I'm genuinely terrified of what's next.","ಮುಂದೆ ಏನಾಗುವುದೋ ಎಂದು ನಾನು ನಿಜವಾಗಿಯೂ ಭಯಭೀತನಾಗಿದ್ದೇನೆ.","पुढे काय होईल याची मला खरोखरच भीती वाटते.","அடுத்து என்ன நடக்கும் என்று நான் உண்மையிலேயே பயப்படுகிறேன்."
p030,fear,"Please, make it stop!","ದಯವಿಟ್ಟು, ಇದನ್ನು ನಿಲ್ಲಿಸಿ!","कृपया, हे थांबवा!","தயவுசெய்து, அதை நிறுத்துங்கள்!"
p031,surprise,"Wow! I absolutely did not see that coming.","ವாவ்! ನಾನು ಇದನ್ನು ಖಂಡಿತವಾಗಿಯೂ ನಿರೀಕ್ಷಿಸಿರಲಿಲ್ಲ.","व्वा! मी हे अजिबात अपेक्षित केले नव्हते.","ஆஹா! நான் இதை முற்றிலும் எதிர்பார்க்கவில்லை."
p032,surprise,"You're here! I can't believe it!","ನೀನು ಇಲ್ಲಿದ್ದೀಯಾ! ನನಗೆ ನಂಬಲು ಸಾಧ್ಯವಿಲ್ಲ!","तू इथे आहेस! माझा विश्वासच बसत नाही!","நீ இங்க இருக்கிறாய்! என்னால் நம்ப முடியவில்லை!"
p033,surprise,"Is this for real? I'm speechless.","ಇದು ನಿಜವೇ? ನಾನು ಮೂಕನಾಗಿದ್ದೇನೆ.","हे खरे आहे का? मी निःशब्द आहे.","இது உண்மையா? நான் வாயடைத்துப் போனேன்."
p034,surprise,"That's the most astonishing thing I've ever seen.","ನಾನು ನೋಡಿದ ಅತ್ಯಂತ ಆಶ್ಚರ್ಯಕರ ವಿಷಯ ಇದು.","मी पाहिलेली ही सर्वात आश्चर्यकारक गोष्ट आहे.","நான் பார்த்ததிலேயே இது மிகவும் ஆச்சரியமான விஷயம்."
p035,surprise,"No way! You have to be kidding me.","ಸಾಧ್ಯವೇ ಇಲ್ಲ! ನೀನು ತಮಾಷೆ ಮಾಡುತ್ತಿರಬೇಕು.","अशक्य! तू नक्कीच मस्करी करत असशील.","வாய்ப்பே இல்லை! நீங்கள் என்னை கேலி செய்கிறீர்கள்."
p036,surprise,"My jaw literally dropped.","ನನ್ನ ದವಡೆ ನಿಜವಾಗಿಯೂ ಕೆಳಗೆ ಬಿತ್ತು.","माझा जबडा अक्षरशः खाली पडला.","என் தாடை உண்மையில் விழுந்தது."
p037,surprise,"Well, this is an unexpected turn of events.","ಸರಿ, ಇದು ಒಂದು ಅನಿರೀಕ್ಷಿತ ತಿರುವು.","बरं, ही एक अनपेक्षित घटना आहे.","சரி, இது ஒரு எதிர்பாராத திருப்பம்."
p038,surprise,"I'm completely blown away by this.","ನಾನು ಇದರಿಂದ ಸಂಪೂರ್ಣವಾಗಿ ಬೆರಗಾಗಿದ್ದೇನೆ.","मी यामुळे पूर्णपणे प्रभावित झालो आहे.","நான் இதனால் முற்றிலும் திகைத்துவிட்டேன்."
p039,surprise,"How on earth did you manage that?","ನೀನು ಇದನ್ನು ಹೇಗೆ ಸಾಧ್ಯ ಮಾಡಿದೆ?","तू हे कसे काय केलेस?","இதை எப்படி செய்தாய்?"
p040,surprise,"You did all this for me? I'm stunned.","ನನಗಾಗಿ ಇದೆಲ್ಲವನ್ನೂ ನೀನು ಮಾಡಿದ್ದೀಯಾ? ನಾನು ದಿಗ್ಭ್ರಮೆಗೊಂಡಿದ್ದೇನೆ.","तू हे सर्व माझ्यासाठी केलेस? मी स्तब्ध आहे.","எனக்காக இதையெல்லாம் செய்தீர்களா? நான் திகைத்துவிட்டேன்."
p041,sadness,"I just feel so empty inside.","ನನಗೆ ಒಳಗೆ ತುಂಬಾ ಖಾಲಿ ಅನಿಸುತ್ತಿದೆ.","मला आतून खूप रिकामे वाटते.","நான் உள்ளே மிகவும் காலியாக உணர்கிறேன்."
p042,sadness,"My heart aches with sorrow.","ನನ್ನ ಹೃದಯ ದುಃಖದಿಂದ ನೋಯುತ್ತಿದೆ.","माझे हृदय दुःखाने भरले आहे.","என் இதயம் துக்கத்தால் வலிக்கிறது."
p043,sadness,"I can't seem to stop crying today.","ಇಂದು ನನಗೆ ಅಳುವುದನ್ನು ನಿಲ್ಲಿಸಲು ಸಾಧ್ಯವಾಗುತ್ತಿಲ್ಲ.","आज माझे रडणे थांबतच नाहीये.","இன்று என்னால் அழுவதை நிறுத்த முடியவில்லை."
p044,sadness,"Everything just feels hopeless now.","ಈಗ ಎಲ್ಲವೂ ನಿರಾಶಾದಾಯಕವಾಗಿ ಕಾಣುತ್ತಿದೆ.","आता सर्व काही निराशाजनक वाटते.","எல்லாம் இப்போது நம்பிக்கையற்றதாக உணர்கிறது."
p045,sadness,"I miss the way things used to be.","ಹಿಂದಿನ ದಿನಗಳು ನನಗೆ ನೆನಪಾಗುತ್ತವೆ.","पूर्वी जसे होते तसे दिवस मला आठवतात.","பழைய நிலையை நான் இழக்கிறேன்."
p046,sadness,"It's hard to find a reason to smile.","ನಗಲು ಕಾರಣ ಹುಡುಕುವುದು ಕಷ್ಟ.","हसण्याचे कारण शोधणे कठीण आहे.","சிரிப்பதற்கு ஒரு காரணத்தைக் கண்டுபிடிப்பது கடினம்."
p047,sadness,"A heavy sadness has settled over me.","ಒಂದು ಭಾರವಾದ ದುಃಖ ನನ್ನ ಮೇಲೆ ಆವರಿಸಿದೆ.","माझ्यावर एक जड दुःख पसरले आहे.","ஒரு கனமான சோகம் என் மீது குடிகொண்டுள்ளது."
p048,sadness,"I just want to be left alone with my thoughts.","ನಾನು ನನ್ನ ಆಲೋಚನೆಗಳೊಂದಿಗೆ ಒಬ್ಬಂಟಿಯಾಗಿರಲು ಬಯಸುತ್ತೇನೆ.","मला माझ्या विचारांसोबत एकटे राहायचे आहे.","நான் என் எண்ணங்களுடன் தனியாக இருக்க விரும்புகிறேன்."
p049,sadness,"This is more than I can bear.","ಇದು ನನ್ನಿಂದ ಸಹಿಸಲು ಸಾಧ್ಯವಿಲ್ಲ.","हे माझ्या सहनशक्तीच्या पलीकडचे आहे.","இது நான் தாங்கக்கூடியதை விட அதிகம்."
p050,sadness,"Nothing seems to matter anymore.","ಯಾವುದೂ ಇನ್ನು ಮುಖ್ಯವೆನಿಸುತ್ತಿಲ್ಲ.","आता कशाचेही महत्त्व वाटत नाही.","இனி எதுவும் முக்கியமில்லை."
p051,disgust,"Ugh, that smell is absolutely vile.","ಛೀ, ಆ ವಾಸನೆ ಸಂಪೂರ್ಣವಾಗಿ ಅಸಹ್ಯಕರವಾಗಿದೆ.","अरे, तो वास अगदी किळसवाणा आहे.","ఛీ, ఆ వాసన చాలా అసహ్యంగా ఉంది."
p052,disgust,"How could anyone behave like that? It's repulsive.","ಯಾರಾದರೂ ಹಾಗೆ ಹೇಗೆ ವರ್ತಿಸಬಹುದು? ಅದು ಅಸಹ್ಯಕರ.","कोणी असे कसे वागू शकते? हे घृणास्पद आहे.","யாராலும் அப்படி நடந்து கொள்ள முடியுமா? அது அருவருப்பானது."
p053,disgust,"I'm sickened by their dishonesty.","ಅವರ ಅಪ್ರಾಮಾಣಿಕತೆಯಿಂದ ನನಗೆ ವಾಕರಿಕೆ ಬಂದಿದೆ.","त्यांच्या अप्रामाणिकपणामुळे मला मळमळ होत आहे.","அவர்களின் நேர்மையின்மையால் நான் வெறுப்படைகிறேன்."
p054,disgust,"Get that filthy thing away from me.","ಆ ಕೊಳಕಾದ ವಸ್ತುವನ್ನು ನನ್ನಿಂದ ದೂರ ಇಡು.","ती घाणेरडी वस्तू माझ्यापासून दूर ठेव.","அந்த அசிங்கமான பொருளை என்னிடமிருந்து அப்புறப்படுத்து."
p055,disgust,"The very thought of it makes me want to gag.","ಅದರ ಯೋಚನೆಯೇ ನನಗೆ ವಾಂತಿ ಬರುವಂತೆ ಮಾಡುತ್ತದೆ.","त्याच्या विचारानेच मला ओकारी येते.","அதன் நினைவே என்னை குமட்ட வைக்கிறது."
p056,disgust,"That's just morally bankrupt.","ಅದು ಕೇವಲ ನೈತಿಕವಾಗಿ ದಿವಾಳಿಯಾಗಿದೆ.","ते निव्वळ नैतिकदृष्ट्या दिवाळखोर आहे.","அது தார்மீக ரீதியாக திவாலானது."
p057,disgust,"I can't believe what I'm seeing. It's grotesque.","ನಾನು ನೋಡುತ್ತಿರುವುದನ್ನು ನಂಬಲು ಸಾಧ್ಯವಿಲ್ಲ. ಇದು ವಿಕಾರವಾಗಿದೆ.","मी जे पाहत आहे त्यावर माझा विश्वास बसत नाही. ते विचित्र आहे.","நான் பார்ப்பதை நம்ப முடியவில்லை. இது வினோதமானது."
p058,disgust,"Their attitude is just revolting.","ಅವರ ವರ್ತನೆ ನಿಜವಾಗಿಯೂ ಅಸಹ್ಯಕರ.","त्यांची वृत्ती केवळ घृणास्पद आहे.","அவர்களின் அணுகுமுறை வெறுக்கத்தக்கது."
p059,disgust,"What a foul thing to say.","ಹೇಳಲು ಎಂಥಾ ಕೆಟ್ಟ ಮಾತು.","काय घाणेरडे बोलणे आहे.","சொல்வதற்கு என்ன ஒரு மோசமான வார்த்தை."
p060,disgust,"I want nothing to do with this mess.","ಈ ಗೊಂದಲದೊಂದಿಗೆ ನನಗೆ ಯಾವುದೇ ಸಂಬಂಧ ಬೇಡ.","मला या गोंधळाशी काहीही देणेघेणे नाही.","இந்தக் குழப்பத்தில் எனக்கு எந்தச் சம்பந்தமும் வேண்டாம்."
p061,anger,"I am absolutely furious with you!","ನನಗೆ ನಿನ್ನ ಮೇಲೆ ತುಂಬಾ ಕೋಪ ಬಂದಿದೆ!","मी तुझ्यावर खूप चिडलो आहे!","நான் உன் மீது மிகவும் கோபமாக இருக்கிறேன்!"
p062,anger,"How dare you speak to me like that!","ನನ್ನೊಂದಿಗೆ ಹಾಗೆ ಮಾತನಾಡಲು ನಿನಗೆ ಎಷ್ಟು ಧೈರ್ಯ!","माझ्याशी असे बोलण्याची तुझी हिंमत कशी झाली!","என்னிடம் அப்படிப் பேச உனக்கு எவ்வளவு தைரியம்!"
p063,anger,"I've had enough of these excuses.","ಈ ನೆಪಗಳನ್ನು ಕೇಳಿ ನನಗೆ ಸಾಕಾಗಿದೆ.","ही सबब ऐकून मी आता कंटाळलो आहे.","இந்த சாக்குப்போக்குகள் போதும்."
p064,anger,"This is the last straw!","ಇದೇ ಕೊನೆಯ ಎಚ್ಚರಿಕೆ!","हा शेवटचा इशारा आहे!","இதுதான் கடைசி எச்சரிக்கை!"
p065,anger,"Get out of my sight right now!","ಈಗಲೇ ನನ್ನ ಕಣ್ಣಮುಂದೆಯಿಂದ ತೊಲಗು!","आत्ताच्या आत्ता माझ्या नजरेसमोरून दूर हो!","என் பார்வையிலிருந்து உடனே போய்விடு!"
p066,anger,"This injustice makes my blood boil.","ಈ ಅನ್ಯಾಯ ನನ್ನ ರಕ್ತವನ್ನು ಕುದಿಸುತ್ತದೆ.","या अन्यायाने माझे रक्त खवळते.","இந்த அநீதி என் இரத்தத்தைக் கொதிக்க வைக்கிறது."
p067,anger,"You have crossed a serious line.","ನೀನು ಗಂಭೀರವಾದ ಗೆರೆಯನ್ನು ದಾಟಿದ್ದೀಯ.","तू एक गंभीर मर्यादा ओलांडली आहेस.","நீங்கள் ஒரு தீவிரமான எல்லையைத் தாண்டிவிட்டீர்கள்."
p068,anger,"Don't you ever do that again!","ನೀನು ಇನ್ನೆಂದೂ ಹಾಗೆ ಮಾಡಬೇಡ!","पुन्हा कधीही असे करू नकोस!","இனி ஒருபோதும் அப்படிச் செய்யாதே!"
p069,anger,"I am so tired of being ignored.","ಕಡೆಗಣಿಸಲ್ಪಟ್ಟು ನಾನು ತುಂಬಾ ಬೇಸತ್ತಿದ್ದೇನೆ.","दुर्लक्ष केल्यामुळे मी खूप थकलो आहे.","புறக்கணிக்கப்பட்டு நான் மிகவும் சோர்வடைந்துவிட்டேன்."
p070,anger,"This is completely unacceptable!","ಇದು ಸಂಪೂರ್ಣವಾಗಿ ಸ್ವೀಕಾರಾರ್ಹವಲ್ಲ!","हे पूर्णपणे अस्वीकार्य आहे!","இது முற்றிலும் ஏற்றுக்கொள்ள முடியாதது!"
p071,anticipation,"I can't wait to see what happens next.","ಮುಂದೆ ಏನಾಗುತ್ತದೆ ಎಂದು ನೋಡಲು ನಾನು ಕಾಯಲು ಸಾಧ್ಯವಿಲ್ಲ.","पुढे काय होते ते पाहण्यासाठी मी थांबू शकत नाही.","அடுத்து என்ன நடக்கும் என்று பார்க்க என்னால் காத்திருக்க முடியவில்லை."
p072,anticipation,"The big day is almost here!","ಆ ದೊಡ್ಡ ದಿನ ಬಹುತೇಕ ಬಂದೇ ಬಿಟ್ಟಿದೆ!","तो मोठा दिवस जवळजवळ आला आहे!","பெரிய நாள் கிட்டத்தட்ட வந்துவிட்டது!"
p073,anticipation,"I'm on the edge of my seat waiting.","ನಾನು ಕುತೂಹಲದಿಂದ ಕಾಯುತ್ತಿದ್ದೇನೆ.","मी उत्सुकतेने वाट पाहत आहे.","நான் என் இருக்கையின் நுனியில் காத்திருக்கிறேன்."
p074,anticipation,"Any minute now, it's going to be announced.","ಯಾವುದೇ ನಿಮಿಷದಲ್ಲಿ, ಅದನ್ನು ಘೋಷಿಸಲಾಗುವುದು.","कोणत्याही क्षणी, त्याची घोषणा केली जाईल.","எந்த நிமிடத்திலும், அது அறிவிக்கப்படப் போகிறது."
p075,anticipation,"The suspense is killing me!","ಈ ಕುತೂಹಲ ನನ್ನನ್ನು ಕೊಲ್ಲುತ್ತಿದೆ!","ही उत्सुकता मला मारून टाकत आहे!","இந்த சஸ்பென்ஸ் என்னைக் கொல்கிறது!"
p076,anticipation,"I'm counting down the hours.","ನಾನು ಗಂಟೆಗಳನ್ನು ಎಣಿಸುತ್ತಿದ್ದೇನೆ.","मी तास मोजत आहे.","நான் மணிநேரங்களைக் கணக்கிடுகிறேன்."
p077,anticipation,"I wonder what the surprise will be.","ಆಶ್ಚರ್ಯ ಏನಾಗಿರಬಹುದು ಎಂದು ನಾನು ಯೋಚಿಸುತ್ತಿದ್ದೇನೆ.","आश्चर्य काय असेल याचा मला विचार पडला आहे.","ஆச்சரியம் என்னவாக இருக்கும் என்று நான் யோசிக்கிறேன்."
p078,anticipation,"Something wonderful is about to happen.","ಏನೋ ಅದ್ಭುತವಾದದ್ದು ಸಂಭವಿಸಲಿದೆ.","काहीतरी अद्भुत घडणार आहे.","அద్భుதமான ஒன்று நடக்கப் போகிறது."
p079,anticipation,"Is it time yet? I'm so ready.","ಇನ್ನೂ ಸಮಯವಾಗಿಲ್ಲವೇ? ನಾನು ತುಂಬಾ ಸಿದ್ಧನಾಗಿದ್ದೇನೆ.","अजून वेळ झाली नाही का? मी खूप तयार आहे.","இன்னும் நேரமாகவில்லையா? நான் மிகவும் தயாராக இருக்கிறேன்."
p080,anticipation,"I've been looking forward to this all year.","ನಾನು ವರ್ಷವಿಡೀ ಇದಕ್ಕಾಗಿ ಎದುರು ನೋಡುತ್ತಿದ್ದೆ.","मी वर्षभर याची वाट पाहत होतो.","நான் ஆண்டு முழுவதும் இதை எதிர்பார்த்துக் கொண்டிருந்தேன்."
p081,joy,"This is exactly what I wanted!","ನನಗೆ ಬೇಕಾಗಿದ್ದೇ ಇದು!","हेच तर मला हवे होते!","இதுதான் நான் விரும்பியது!"
p082,joy,"I'm so proud of what we've accomplished.","ನಾವು ಸಾಧಿಸಿದ್ದರ ಬಗ್ಗೆ ನನಗೆ ತುಂಬಾ ಹೆಮ್ಮೆ ಇದೆ.","आपण जे साध्य केले आहे त्याचा मला खूप अभिमान आहे.","நாம் சாதித்ததைப் பற்றி நான் மிகவும் பெருமைப்படுகிறேன்."
p083,joy,"Every single moment with you is a treasure.","ನಿನ್ನೊಂದಿಗಿನ ಪ್ರತಿಯೊಂದು ಕ್ಷಣವೂ ಒಂದು ನಿಧಿ.","तुझ्यासोबतचा प्रत्येक क्षण एक ठेवा आहे.","உன்னுடன் இருக்கும் ஒவ்வொரு கணமும் ஒரு புதையல்."
p084,joy,"My spirit feels so uplifted!","ನನ್ನ ಆತ್ಮಕ್ಕೆ ತುಂಬಾ ಉಲ್ಲಾಸವಾಗಿದೆ!","माझा आत्मा खूप उत्साही झाला आहे!","என் ஆன்மா மிகவும் உற்சாகமாக உணர்கிறது!"
p085,joy,"We did it! We actually did it!","ನಾವು ಮಾಡಿದೆವು! ನಾವು ನಿಜವಾಗಿಯೂ ಮಾಡಿದೆವು!","आपण ते केले! आपण खरोखरच ते केले!","நாம் செய்துவிட்டோம்! நாம் உண்மையில் அதை செய்துவிட்டோம்!"
p086,joy,"This feels like a dream come true.","ಇದು ಒಂದು ಕನಸು ನನಸಾದಂತೆ ಭಾಸವಾಗುತ್ತಿದೆ.","हे एका स्वप्नपूर्तीसारखे वाटते.","இது ஒரு கனவு நனவானது போல் உணர்கிறேன்."
p087,joy,"I'm beaming from ear to ear!","ನಾನು ಸಂತೋಷದಿಂದ ಹಿಗ್ಗುತ್ತಿದ್ದೇನೆ!","मी आनंदाने फुलून गेलो आहे!","நான் காது முதல் காது வரை சிரிக்கிறேன்!"
p088,joy,"This is simply magnificent.","ಇದು ಸರಳವಾಗಿ ಅದ್ಭುತವಾಗಿದೆ.","हे केवळ भव्य आहे.","இது வெறுமனே அற்புதமானது."
p089,joy,"What a perfect day this has been.","ಇದು ಎಂತಹ ಪರಿಪೂರ್ಣ ದಿನವಾಗಿತ್ತು.","हा किती परिपूर्ण दिवस होता.","என்ன ஒரு சரியான நாள் இது."
p090,joy,"Happiness is flowing through me right now.","ಸಂತೋಷವು ಈಗ ನನ್ನಲ್ಲಿ ಹರಿಯುತ್ತಿದೆ.","आनंद माझ्या नसानसात वाहत आहे.","மகிழ்ச்சி இப்போது என் வழியாகப் பாய்கிறது."
p091,trust,"I trust your instincts completely.","ನಾನು ನಿಮ್ಮ ಸಹಜ ಪ್ರವೃತ್ತಿಯನ್ನು ಸಂಪೂರ್ಣವಾಗಿ ನಂಬುತ್ತೇನೆ.","मी तुझ्या अंतर्ज्ञानावर पूर्णपणे विश्वास ठेवतो.","நான் உங்கள் உள்ளுணர்வை முழுமையாக நம்புகிறேன்."
p092,trust,"You are the one person I can always be honest with.","ನೀನು ಒಬ್ಬನೇ ವ್ಯಕ್ತಿ, ಯಾರ ಬಳಿ ನಾನು ಯಾವಾಗಲೂ ಪ್ರಾಮಾಣಿಕವಾಗಿರಬಲ್ಲೆ.","तूच एक अशी व्यक्ती आहेस ज्याच्याशी मी नेहमी प्रामाणिक राहू शकतो.","நான் எப்போதும் நேர்மையாக இருக்கக்கூடிய ஒரே நபர் நீங்கள்தான்."
p093,trust,"I feel secure knowing you're in charge.","ನೀನು ಜವಾಬ್ದಾರಿಯಲ್ಲಿರುವುದರಿಂದ ನನಗೆ ಸುರಕ್ಷಿತವೆನಿಸುತ್ತದೆ.","तू जबाबदारी सांभाळत आहेस हे जाणून मला सुरक्षित वाटते.","நீங்கள் பொறுப்பில் இருப்பதை அறிந்து நான் பாதுகாப்பாக உணர்கிறேன்."
p094,trust,"I have no doubt you will succeed.","ನೀನು ಯಶಸ್ವಿಯಾಗುತ್ತೀಯ ಎಂಬುದರಲ್ಲಿ ನನಗೆ ಯಾವುದೇ ಸಂದೇಹವಿಲ್ಲ.","मला खात्री आहे की तू यशस्वी होशील.","நீங்கள் வெற்றி பெறுவீர்கள் என்பதில் எனக்கு எந்த சந்தேகமும் இல்லை."
p095,trust,"Your integrity is unquestionable.","ನಿಮ್ಮ ಸಮಗ್ರತೆ ಪ್ರಶ್ನಾತೀತವಾಗಿದೆ.","तुमची सचोटी निर्विवाद आहे.","உங்கள் நேர்மை கேள்விக்கு அப்பாற்பட்டது."
p096,trust,"I'm putting my faith in your hands.","ನನ್ನ ನಂಬಿಕೆಯನ್ನು ನಿನ್ನ ಕೈಯಲ್ಲಿ ಇಡುತ್ತಿದ್ದೇನೆ.","मी माझा विश्वास तुझ्या हाती देत आहे.","என் நம்பிக்கையை உங்கள் கைகளில் வைக்கிறேன்."
p097,trust,"You've proven to be a loyal friend.","ನೀನು ಒಬ್ಬ ನಿಷ್ಠಾವಂತ ಸ್ನೇಹಿತ ಎಂದು ಸಾಬೀತುಪಡಿಸಿದ್ದೀಯ.","तू एक निष्ठावंत मित्र असल्याचे सिद्ध केले आहेस.","நீங்கள் ஒரு விசுவாசமான நண்பர் என்பதை நிரூபித்துள்ளீர்கள்."
p098,trust,"We have an unbreakable bond.","ನಮ್ಮದು ಮುರಿಯಲಾಗದ ಬಂಧ.","आपल्यात एक अतूट नाते आहे.","நமக்கு ஒரு பிரிக்க முடியாத பந்தம் உள்ளது."
p099,trust,"I can relax because I know you've got this.","ನೀನು ಇದನ್ನು ನಿಭಾಯಿಸುತ್ತೀಯ ಎಂದು ನನಗೆ ತಿಳಿದಿರುವುದರಿಂದ ನಾನು ವಿಶ್ರಾಂತಿ ಪಡೆಯಬಲ್ಲೆ.","मला माहित आहे की तू हे सांभाळून घेशील, म्हणून मी निश्चिंत आहे.","நீங்கள் இதை கவனித்துக் கொள்வீர்கள் என்று எனக்குத் தெரியும் என்பதால் நான் நிம்மதியாக இருக்க முடியும்."
p100,trust,"Your guidance has never failed me.","ನಿಮ್ಮ ಮಾರ್ಗದರ್ಶನ ನನ್ನನ್ನು ಎಂದಿಗೂ ವಿಫಲಗೊಳಿಸಿಲ್ಲ.","तुमच्या मार्गदर्शनाने मला कधीही अपयशी होऊ दिले नाही.","உங்கள் வழிகாட்டுதல் என்னை ஒருபோதும் தோல்வியடையச் செய்ததில்லை."
p101,fear,"I'm frozen with fear.","ನಾನು ಭಯದಿಂದ ಗಟ್ಟಿಯಾಗಿದ್ದೇನೆ.","मी भीतीने गोठून गेलो आहे.","நான் பயத்தில் உறைந்து போனேன்."
p102,fear,"What was that noise outside?","ಹೊರಗೆ ಆ ಶಬ್ದ ಏನಾಗಿತ್ತು?","बाहेर तो आवाज कसला होता?","வெளியே அந்த சத்தம் என்ன?"
p103,fear,"A shiver just ran down my spine.","ನನ್ನ ಬೆನ್ನಿನಲ್ಲಿ ಈಗ ತಾನೇ ಒಂದು ನಡುಕ ಹರಿಯಿತು.","आत्ताच माझ्या पाठीच्या कण्यातून एक शिरशिरी गेली.","என் முதுகெலும்பில் ஒரு நடுக்கம் ஓடியது."
p104,fear,"I'm afraid of what might happen.","ಏನಾಗಬಹುದೆಂದು ನನಗೆ ಭಯವಾಗುತ್ತಿದೆ.","पुढे काय होईल याची मला भीती वाटते.","என்ன நடக்கக்கூடும் என்று நான் பயப்படுகிறேன்."
p105,fear,"This is my worst nightmare.","ಇದು ನನ್ನ ಕೆಟ್ಟ кошмар.","हे माझे सर्वात वाईट स्वप्न आहे.","இது என் மோசமான கனவு."
p106,fear,"My hands are shaking uncontrollably.","ನನ್ನ ಕೈಗಳು ಅನಿಯಂತ್ರಿತವಾಗಿ ನಡುಗುತ್ತಿವೆ.","माझे हात अनियंत्रितपणे थरथरत आहेत.","என் கைகள் கட்டுப்பாடில்லாமல் நடுங்குகின்றன."
p107,fear,"I feel a sense of impending doom.","ನನಗೆ ಸನ್ನಿಹಿತವಾದ ವಿನಾಶದ ಭಾವನೆ ಬರುತ್ತಿದೆ.","मला जवळ येत असलेल्या विनाशाची भावना होत आहे.","வரவிருக்கும் பேரழிவின் உணர்வை நான் உணர்கிறேன்."
p108,fear,"Please tell me everything is going to be okay.","ದಯವಿಟ್ಟು ಎಲ್ಲವೂ ಸರಿಯಾಗಲಿದೆ ಎಂದು ಹೇಳಿ.","कृपया मला सांगा की सर्व काही ठीक होईल.","தயவுசெய்து எல்லாம் சரியாகிவிடும் என்று சொல்லுங்கள்."
p109,fear,"I don't think we're going to make it.","ನಾವು ಇದನ್ನು ಮಾಡಲು ಸಾಧ್ಯವಿಲ್ಲ ಎಂದು ನಾನು ಭಾವಿಸುತ್ತೇನೆ.","मला वाटत नाही की आपण हे करू शकू.","நாம் தப்பிப்பிழைப்போம் என்று நான் நினைக்கவில்லை."
p110,fear,"Every shadow looks like a monster.","ಪ್ರತಿಯೊಂದು ನೆರಳೂ ಒಂದು ರಾಕ್ಷಸನಂತೆ ಕಾಣುತ್ತದೆ.","प्रत्येक सावली राक्षसासारखी दिसते.","ஒவ்வொரு நிழலும் ஒரு அசுரன் போல் தெரிகிறது."
p111,surprise,"I'm utterly astonished!","ನಾನು ಸಂಪೂರ್ಣವಾಗಿ ಆಶ್ಚರ್ಯಚಕಿತನಾಗಿದ್ದೇನೆ!","मी पूर्णपणे चकित झालो आहे!","நான் முற்றிலும் திகைத்துவிட்டேன்!"
p112,surprise,"Where did you come from?","ನೀನು ಎಲ್ಲಿಂದ ಬಂದೆ?","तू कुठून आलास?","நீ எங்கிருந்து வந்தாய்?"
p113,surprise,"This is beyond anything I imagined.","ಇದು ನಾನು ಕಲ್ಪಿಸಿದ್ದಕ್ಕೂ ಮೀರಿದ್ದು.","हे माझ्या कल्पनेच्या पलीकडचे आहे.","இது நான் கற்பனை செய்ததற்கும் அப்பாற்பட்டது."
p114,surprise,"Wait, what just happened?","ಒಂದು ನಿಮಿಷ, ಈಗಷ್ಟೇ ಏನಾಯಿತು?","थांब, आता काय झाले?","பொறு, இப்போது என்ன நடந்தது?"
p115,surprise,"I never thought I'd see the day.","ಈ ದಿನವನ್ನು ನಾನು ನೋಡುತ್ತೇನೆಂದು ಎಂದಿಗೂ ಭಾವಿಸಿರಲಿಲ್ಲ.","हा दिवस मी पाहीन असे मला कधीच वाटले नव्हते.","இந்த நாளை நான் பார்ப்பேன் என்று நினைக்கவே இல்லை."
p116,surprise,"You really caught me off guard.","ನೀನು ನಿಜವಾಗಿಯೂ ನನ್ನನ್ನು ಅನಿರೀಕ್ಷಿತವಾಗಿ ಹಿಡಿದಿದ್ದೀಯ.","तू मला खरंच गाफील पकडलेस.","நீங்கள் என்னை உண்மையிலேயே திக்குமுக்காட வைத்துவிட்டீர்கள்."
p117,surprise,"That came out of nowhere!","ಅದು ಎಲ್ಲಿಂದಲೋ ಬಂದಿತು!","ते कुठून आले काही कळलेच नाही!","அது எங்கிருந்தோ வந்தது!"
p118,surprise,"For a moment, I was at a complete loss for words.","ಒಂದು ಕ್ಷಣ, ನನಗೆ ಮಾತನಾಡಲು ಪದಗಳೇ ಸಿಗಲಿಲ್ಲ.","एक क्षणासाठी, मला काय बोलावे तेच सुचले नाही.","ஒரு கணம், நான் வார்த்தைகள் இல்லாமல் தவித்தேன்."
p119,surprise,"This is a revelation!","ಇದು ಒಂದು ಬಹಿರಂಗ!","हा एक साक्षात्कार आहे!","இது ஒரு வெளிப்பாடு!"
p120,surprise,"You managed to leave me speechless.","ನೀನು ನನ್ನನ್ನು ಮೂಕನನ್ನಾಗಿಸಲು ಯಶಸ್ವಿಯಾಗಿದ್ದೀಯ.","तू मला निःशब्द करण्यात यशस्वी झालास.","நீங்கள் என்னை வாயடைக்க வைத்துவிட்டீர்கள்."
p121,sadness,"A wave of sadness just washed over me.","ಒಂದು ದುಃಖದ ಅಲೆ ನನ್ನ ಮೇಲೆ ಹರಿಯಿತು.","दुःखाची एक लाट माझ्यावरून गेली.","ஒரு சோக அலை என் மீது பரவியது."
p122,sadness,"I feel so let down.","ನನಗೆ ತುಂಬಾ ನಿರಾಸೆಯಾಗಿದೆ.","मला खूप निराश वाटत आहे.","நான் மிகவும் ஏமாற்றமடைந்ததாக உணர்கிறேன்."
p123,sadness,"It hurts more than I can say.","ನಾನು ಹೇಳುವುದಕ್ಕಿಂತ ಹೆಚ್ಚು ನೋವಾಗುತ್ತಿದೆ.","मी सांगू शकेन त्यापेक्षा जास्त त्रास होतो.","நான் சொல்வதை விட இது மிகவும் வலிக்கிறது."
p124,sadness,"I wish things could have been different.","ವಿಷಯಗಳು ಬೇರೆಯಾಗಿದ್ದರೆ ಚೆನ್ನಾಗಿರುತ್ತಿತ್ತು.","गोष्टी वेगळ्या असत्या तर बरे झाले असते.","விஷயங்கள் வித்தியாசமாக இருந்திருக்கலாம் என்று விரும்புகிறேன்."
p125,sadness,"My heart feels heavy today.","ಇಂದು ನನ್ನ ಹೃದಯ ಭಾರವಾಗಿದೆ.","आज माझे मन खूप जड झाले आहे.","இன்று என் இதயம் கனமாக இருக்கிறது."
p126,sadness,"I can't believe it's really over.","ಇದು ನಿಜವಾಗಿಯೂ ಮುಗಿದಿದೆ ಎಂದು ನನಗೆ ನಂಬಲು ಸಾಧ್ಯವಿಲ್ಲ.","हे खरंच संपले आहे यावर माझा विश्वास बसत नाही.","இது உண்மையில் முடிந்துவிட்டது என்று என்னால் நம்ப முடியவில்லை."
p127,sadness,"There's a lump in my throat.","ನನ್ನ ಗಂಟಲಿನಲ್ಲಿ ಒಂದು ಗಂಟು ಇದೆ.","माझ्या घशात आवंढा आला आहे.","என் தொண்டையில் ஒரு கட்டி இருக்கிறது."
p128,sadness,"The tears just keep coming.","ಕಣ್ಣೀರು ಬರುತ್ತಲೇ ಇದೆ.","डोळ्यांतून अश्रू वाहतच आहेत.","கண்ணீர் வந்து கொண்டே இருக்கிறது."
p129,sadness,"I feel completely shattered.","ನಾನು ಸಂಪೂರ್ಣವಾಗಿ ಜರ್ಝರಿತನಾಗಿದ್ದೇನೆ.","मी पूर्णपणे खचून गेलो आहे.","நான் முற்றிலும் நொறுங்கிப் போனேன்."
p130,sadness,"This feeling of loss is overwhelming.","ಈ ನಷ್ಟದ ಭಾವನೆ ಅಗಾಧವಾಗಿದೆ.","ही नुकसानीची भावना असह्य आहे.","இந்த இழப்பின் உணர்வு தாங்க முடியாதது."
p131,disgust,"That's a disgusting habit.","ಅದು ಒಂದು ಅಸಹ್ಯಕರ ಅಭ್ಯಾಸ.","ती एक किळसवाणी सवय आहे.","அது ஒரு அருவருப்பான பழக்கம்."
p132,disgust,"I'm appalled by their behavior.","ಅವರ ನಡವಳಿಕೆಯಿಂದ ನಾನು ದಿಗ್ಭ್ರಮೆಗೊಂಡಿದ್ದೇನೆ.","त्यांच्या वागण्याने मी थक्क झालो आहे.","அவர்களின் நடத்தையால் நான் திகைப்படைகிறேன்."
p133,disgust,"The hypocrisy is nauseating.","ಆ ಬೂಟಾಟಿಕೆ ವಾಕರಿಕೆ ತರಿಸುತ್ತದೆ.","तो ढोंगीपणा मळमळ आणणारा आहे.","அந்த பாசாங்குத்தனம் குமட்ட வைக்கிறது."
p134,disgust,"What a wretched thing to do.","ಮಾಡಲು ಎಂತಹ ನೀಚ ಕೆಲಸ.","किती नीच कृत्य आहे हे.","என்ன ஒரு கேவலமான செயல்."
p135,disgust,"It leaves a bad taste in my mouth.","ಅದು ನನ್ನ ಬಾಯಲ್ಲಿ ಕೆಟ್ಟ ರುಚಿಯನ್ನು ಬಿಡುತ್ತದೆ.","ते माझ्या तोंडात एक वाईट चव सोडून जाते.","அது என் வாயில் ஒரு கெட்ட சுவையை விட்டுச் செல்கிறது."
p136,disgust,"Their actions are utterly contemptible.","ಅವರ ಕೃತ್ಯಗಳು ಸಂಪೂರ್ಣವಾಗಿ ತಿರಸ್ಕಾರಾರ್ಹ.","त्यांची कृती पूर्णपणे तिरस्करणीय आहे.","அவர்களின் செயல்கள் முற்றிலும் இழிவானவை."
p137,disgust,"I find that idea completely repugnant.","ಆ ಕಲ್ಪನೆ ನನಗೆ ಸಂಪೂರ್ಣವಾಗಿ ಅಸಹ್ಯಕರವಾಗಿದೆ.","ती कल्पना मला पूर्णपणे घृणास्पद वाटते.","அந்த யோசனை எனக்கு முற்றிலும் அருவருப்பானது."
p138,disgust,"This place is absolutely filthy.","ಈ ಸ್ಥಳ ಸಂಪೂರ್ಣವಾಗಿ ಕೊಳಕಾಗಿದೆ.","हे ठिकाण पूर्णपणे घाणेरडे आहे.","இந்த இடம் முற்றிலும் அசுத்தமானது."
p139,disgust,"I wouldn't touch that with a ten-foot pole.","ನಾನು ಅದನ್ನು ಹತ್ತು ಅಡಿ ಕಂಬದಿಂದಲೂ ಮುಟ್ಟುವುದಿಲ್ಲ.","मी त्याला दहा फुटी काठीनेही स्पर्श करणार नाही.","நான் அதை பத்து அடி கம்பியாலும் தொடமாட்டேன்."
p140,disgust,"The corruption is sickening.","ಭ್ರಷ್ಟಾಚಾರವು ಅಸಹ್ಯಕರವಾಗಿದೆ.","हा भ्रष्टाचार किळसवाणा आहे.","ஊழல் அருவருப்பானது."
p141,anger,"I'm done listening to your lies!","ನಿನ್ನ ಸುಳ್ಳುಗಳನ್ನು ಕೇಳಿ ನನಗೆ ಸಾಕಾಗಿದೆ!","तुझे खोटे बोलणे ऐकून मी आता कंटाळलो आहे!","உன் பொய்களைக் கேட்டு முடித்துவிட்டேன்!"
p142,anger,"This is an outrage!","ಇದು ಒಂದು ಆಕ್ರೋಶ!","हा एक अपमान आहे!","இது ஒரு அநியாயம்!"
p143,anger,"You've gone way too far this time.","ನೀನು ಈ ಬಾರಿ ತುಂಬಾ ದೂರ ಹೋಗಿದ್ದೀಯ.","तू या वेळी खूपच पुढे गेला आहेस.","நீங்கள் இந்த முறை மிகவும் தூரம் சென்றுவிட்டீர்கள்."
p144,anger,"I'm seeing red right now.","ನಾನು ಈಗ ಕೋಪದಿಂದ ಕುದಿಯುತ್ತಿದ್ದೇನೆ.","मी आता रागाने लाल झालो आहे.","நான் இப்போது கோபத்தில் சிவப்பாக இருக்கிறேன்."
p145,anger,"Who do you think you are?","ನೀನು ಯಾರೆಂದು ನಿನ್ನ ಭಾವನೆ?","तू स्वतःला समजतोस तरी कोण?","நீ யாரென்று நினைக்கிறாய்?"
p146,anger,"This is a complete waste of my time!","ಇದು ನನ್ನ ಸಮಯದ ಸಂಪೂರ್ಣ ವ್ಯರ್ಥ!","हा माझ्या वेळेचा पूर्णपणे अपव्यय आहे!","இது என் நேரத்தை முற்றிலும் வீணடிப்பது!"
p147,anger,"Stop pushing my buttons.","ನನ್ನನ್ನು ಕೆಣಕುವುದನ್ನು ನಿಲ್ಲಿಸು.","माझ्या सहनशीलतेचा अंत पाहू नकोस.","என் பொறுமையை சோதிப்பதை நிறுத்து."
p148,anger,"I demand an explanation!","ನನಗೆ ಒಂದು ವಿವರಣೆ ಬೇಕು!","मला स्पष्टीकरण हवे आहे!","நான் ஒரு விளக்கம் கோருகிறேன்!"
p149,anger,"I can't believe the nerve of some people.","ಕೆಲವು ಜನರ ಧೈರ್ಯವನ್ನು ನನಗೆ ನಂಬಲು ಸಾಧ್ಯವಿಲ್ಲ.","काही लोकांच्या धाडसावर माझा विश्वास बसत नाही.","சிலரின் தைரியத்தை என்னால் நம்ப முடியவில்லை."
p150,anger,"That was a deeply insulting remark.","ಅದು ಆಳವಾಗಿ ಅವಮಾನಕರವಾದ ಮಾತು.","ती एक अत्यंत अपमानजनक टिप्पणी होती.","அது மிகவும் அவமானகரமான கருத்து."
p151,anticipation,"I'm eagerly awaiting your arrival.","ನಾನು ನಿಮ್ಮ ಆಗಮನವನ್ನು ಕಾತರದಿಂದ ಕಾಯುತ್ತಿದ್ದೇನೆ.","मी तुमच्या आगमनाची आतुरतेने वाट पाहत आहे.","உங்கள் வருகையை ஆவலுடன் எதிர்பார்த்துக் கொண்டிருக்கிறேன்."
p152,anticipation,"The new episode is about to start!","ಹೊಸ ಸಂಚಿಕೆ ಪ್ರಾರಂಭವಾಗಲಿದೆ!","नवीन भाग सुरू होणार आहे!","புதிய எபிசோட் தொடங்கப் போகிறது!"
p153,anticipation,"I have a good feeling about tomorrow.","ನಾಳೆಯ ಬಗ್ಗೆ ನನಗೆ ಒಳ್ಳೆಯ ಭಾವನೆ ಇದೆ.","मला उद्याबद्दल चांगली भावना आहे.","நாளைப் பற்றி எனக்கு ஒரு நல்ல உணர்வு இருக்கிறது."
p154,anticipation,"Just a little bit longer...","ಇನ್ನೇನು ಸ್ವಲ್ಪ ಸಮಯ...","आणखी थोडा वेळ...","இன்னும் கொஞ்ச நேரம் தான்..."
p155,anticipation,"I'm getting butterflies in my stomach.","ನನ್ನ ಹೊಟ್ಟೆಯಲ್ಲಿ ಚಿಟ್ಟೆಗಳು ಹಾರಾಡುತ್ತಿವೆ.","माझ्या पोटात फुलपाखरे उडत आहेत.","என் வயிற்றில் பட்டாம்பூச்சிகள் பறக்கின்றன."
p156,anticipation,"The possibilities are endless!","ಸಾಧ್ಯತೆಗಳು അനന്തವಾಗಿವೆ!","शक्यता अमर्याद आहेत!","சாத்தியக்கூறுகள் முடிவற்றவை!"
p157,anticipation,"I hope this is everything I've dreamed of.","ಇದು ನಾನು ಕನಸು ಕಂಡಿದ್ದೆಲ್ಲವೂ ಆಗಿರಲಿ ಎಂದು ನಾನು ಭಾವಿಸುತ್ತೇನೆ.","हे सर्व माझ्या स्वप्नासारखे असावे अशी माझी इच्छा आहे.","இது நான் கனவு கண்ட அனைத்தும் என்று நம்புகிறேன்."
p158,anticipation,"The results will be posted soon.","ಫಲಿತಾಂಶಗಳನ್ನು ಶೀಘ್ರದಲ್ಲೇ ಪ್ರಕಟಿಸಲಾಗುವುದು.","निकाल लवकरच जाहीर केला जाईल.","முடிவுகள் விரைவில் வெளியிடப்படும்."
p159,anticipation,"This is going to change everything.","ಇದು ಎಲ್ಲವನ್ನೂ ಬದಲಾಯಿಸಲಿದೆ.","हे सर्व काही बदलून टाकेल.","இது எல்லாவற்றையும் மாற்றப் போகிறது."
p160,anticipation,"The countdown has begun!","ಎಣಿಕೆ ಪ್ರಾರಂಭವಾಗಿದೆ!","उलटगणती सुरू झाली आहे!","கவுண்ட்டவுன் தொடங்கிவிட்டது!"
p161,joy,"I could dance all night long!","ನಾನು ರಾತ್ರಿಯಿಡೀ ನೃತ್ಯ ಮಾಡಬಲ್ಲೆ!","मी रात्रभर नाचू शकेन!","நான் இரவு முழுவதும் நடனமாட முடியும்!"
p162,joy,"Seeing you again is the best feeling in the world.","ನಿನ್ನನ್ನು ಮತ್ತೆ ನೋಡುವುದು ಪ್ರಪಂಚದಲ್ಲೇ ಅತ್ಯುತ್ತಮ ಭಾವನೆ.","तुला पुन्हा पाहणे ही जगातील सर्वोत्तम भावना आहे.","உன்னை மீண்டும் பார்ப்பது உலகின் சிறந்த உணர்வு."
p163,joy,"This is a moment I'll cherish forever.","ಇದು ನಾನು ಶಾಶ್ವತವಾಗಿ ಪಾಲಿಸುವ ಕ್ಷಣ.","हा एक क्षण आहे जो मी कायमचा जपेन.","இது நான் என்றென்றும் போற்றும் ஒரு தருணம்."
p164,joy,"My heart is singing with joy.","ನನ್ನ ಹೃದಯ ಸಂತೋಷದಿಂದ ಹಾಡುತ್ತಿದೆ.","माझे हृदय आनंदाने गात आहे.","என் இதயம் மகிழ்ச்சியில் பாடுகிறது."
p165,joy,"Everything is finally falling into place.","ಅಂತಿಮವಾಗಿ ಎಲ್ಲವೂ ಸರಿಯಾದ ಸ್ಥಾನಕ್ಕೆ ಬರುತ್ತಿದೆ.","अखेरीस सर्व काही जागेवर येत आहे.","எல்லாம் இறுதியாக орங்கமைந்து வருகிறது."
p166,joy,"You bring so much light into my life.","ನೀನು ನನ್ನ ಜೀವನಕ್ಕೆ ತುಂಬಾ ಬೆಳಕನ್ನು ತರುತ್ತೀಯ.","तू माझ्या आयुष्यात खूप प्रकाश आणतोस.","என் வாழ்வில் இவ்வளவு ஒளியைக் கொண்டு வருகிறாய்."
p167,joy,"I'm overwhelmed with gratitude.","ನಾನು ಕೃತಜ್ಞತೆಯಿಂದ অভিভূতನಾಗಿದ್ದೇನೆ.","मी कृतज्ञतेने भारावून गेलो आहे.","நான் நன்றியுணர்வால் పొంగిపోతున్నాను."
p168,joy,"What a beautiful, perfect moment.","ಎಂತಹ ಸುಂದರ, ಪರಿಪೂರ್ಣ ಕ್ಷಣ.","काय सुंदर, परिपूर्ण क्षण आहे.","என்ன ஒரு அழகான, சரியான தருணம்."
p169,joy,"I haven't felt this good in years.","ನಾನು ವರ್ಷಗಳಿಂದ ಇಷ್ಟು ಚೆನ್ನಾಗಿ ಭಾವಿಸಿರಲಿಲ್ಲ.","मला वर्षांमध्ये इतके चांगले वाटले नव्हते.","பல வருடங்களாக நான் இவ்வளவு நன்றாக உணர்ந்ததில்லை."
p170,joy,"This success feels so well-deserved.","ಈ ಯಶಸ್ಸು ತುಂಬಾ ಅರ್ಹವೆಂದು ಭಾಸವಾಗುತ್ತಿದೆ.","हे यश खूप योग्य वाटते.","இந்த வெற்றி மிகவும் தகுதியானது என்று உணர்கிறேன்."
p171,trust,"I'll stand by your decision, no matter what.","ಏನೇ ಆದರೂ ನಾನು ನಿನ್ನ ನಿರ್ಧಾರದ ಪರವಾಗಿ ನಿಲ್ಲುತ್ತೇನೆ.","काहीही झाले तरी मी तुझ्या निर्णयाच्या पाठीशी उभा राहीन.","என்ன ஆனாலும் உன் முடிவுக்கு நான் துணை நிற்பேன்."
p172,trust,"You've earned my complete confidence.","ನೀನು ನನ್ನ ಸಂಪೂರ್ಣ ವಿಶ್ವಾಸವನ್ನು ಗಳಿಸಿದ್ದೀಯ.","तू माझा पूर्ण विश्वास संपादन केला आहेस.","நீங்கள் என் முழு நம்பிக்கையையும் பெற்றுள்ளீர்கள்."
p173,trust,"I know you'll do the right thing.","ನೀನು ಸರಿಯಾದದ್ದನ್ನು ಮಾಡುತ್ತೀಯ ಎಂದು ನನಗೆ ತಿಳಿದಿದೆ.","मला माहित आहे की तू योग्य तेच करशील.","நீங்கள் சரியானதைச் செய்வீர்கள் என்று எனக்குத் தெரியும்."
p174,trust,"There's no one I'd rather have on my team.","ನನ್ನ ತಂಡದಲ್ಲಿ ನಿನ್ನನ್ನು ಬಿಟ್ಟರೆ ಬೇರೆ ಯಾರೂ ಇರಬಾರದು.","माझ्या संघात तुझ्यापेक्षा चांगला कोणी नाही.","என் அணியில் உன்னை விட வேறு யாரும் இருக்க விரும்பவில்லை."
p175,trust,"Your promises mean the world to me.","ನಿನ್ನ ಭರವಸೆಗಳು ನನಗೆ ಪ್ರಪಂಚವಿದ್ದಂತೆ.","तुझी वचने माझ्यासाठी जग आहेत.","உங்கள் வாக்குறுதிகள் எனக்கு உலகத்தை அர்த்தப்படுத்துகின்றன."
p176,trust,"I'm comfortable being vulnerable with you.","ನಿನ್ನೊಂದಿಗೆ ದುರ್ಬಲನಾಗಿರಲು ನನಗೆ ಆರಾಮದಾಯಕವಾಗಿದೆ.","मी तुझ्यासमोर असुरक्षित राहण्यास आरामदायक आहे.","உன்னிடம் பாதிப்புக்குள்ளாக இருப்பதில் நான் வசதியாக இருக்கிறேன்."
p177,trust,"You are my rock.","ನೀನು ನನ್ನ ಆಧಾರಸ್ತಂಭ.","तू माझा आधारस्तंभ आहेस.","நீ என் பாறை."
p178,trust,"I trust you to handle this carefully.","ನೀನು ಇದನ್ನು ಎಚ್ಚರಿಕೆಯಿಂದ ನಿಭಾಯಿಸುತ್ತೀಯ ಎಂದು ನಾನು ನಂಬುತ್ತೇನೆ.","मला विश्वास आहे की तू हे काळजीपूर्वक सांभाळशील.","இதை நீங்கள் கவனமாகக் கையாள்வீர்கள் என்று நான் நம்புகிறேன்."
p179,trust,"It's a relief to have someone so dependable.","ಇಷ್ಟು ಅವಲಂಬನೀಯ ವ್ಯಕ್ತಿ ಇರುವುದು ಒಂದು ಸಮಾಧಾನ.","एवढा विश्वासार्ह कोणीतरी असणे ही एक दिलासादायक गोष्ट आहे.","இவ்வளவு நம்பகமான ஒருவர் இருப்பது நிம்மதி அளிக்கிறது."
p180,trust,"I value your counsel above all others.","ನಾನು ಎಲ್ಲರಿಗಿಂತ ನಿನ್ನ ಸಲಹೆಯನ್ನು ಹೆಚ್ಚು ಗೌರವಿಸುತ್ತೇನೆ.","मी इतरांपेक्षा तुझ्या सल्ल्याला अधिक महत्त्व देतो.","மற்ற அனைத்தையும் விட உங்கள் ஆலோசனையை நான் மதிக்கிறேன்."
p181,fear,"Something is terribly wrong here.","ಇಲ್ಲಿ ಏನೋ ಭಯಂಕರ ತಪ್ಪಾಗಿದೆ.","इथे काहीतरी भयंकर चुकीचे आहे.","இங்கே ஏதோ பயங்கரமாகத் தவறாகிவிட்டது."
p182,fear,"I have a sinking feeling in my stomach.","ನನ್ನ ಹೊಟ್ಟೆಯಲ್ಲಿ ಒಂದು ಮುಳುಗುವ ಭಾವನೆ ಇದೆ.","माझ्या पोटात गोळा येत आहे.","என் வயிற்றில் ஒரு மூழ்கும் உணர்வு இருக்கிறது."
p183,fear,"Don't sneak up on me like that!","ಹಾಗೆ ನನ್ನ ಮೇಲೆ ರಹಸ್ಯವಾಗಿ ಬರಬೇಡ!","अशा प्रकारे माझ्यावर चोरून हल्ला करू नकोस!","அப்படி என் மீது பதுங்காதே!"
p184,fear,"The silence in this house is deafening.","ಈ ಮನೆಯಲ್ಲಿನ ಮೌನ ಕಿವುಡಾಗಿಸುವಂತಿದೆ.","या घरातील शांतता कानठळ्या बसवणारी आहे.","இந்த வீட்டில் நிலவும் அமைதி செவிசாய்க்க வைக்கிறது."
p185,fear,"I'm terrified of heights.","ನನಗೆ ಎತ್ತರವೆಂದರೆ ತುಂಬಾ ಭಯ.","मला उंचीची खूप भीती वाटते.","எனக்கு உயரம் என்றால் பயம்."
p186,fear,"My blood ran cold when I heard it.","ಅದನ್ನು ಕೇಳಿದಾಗ ನನ್ನ ರಕ್ತ ತಣ್ಣಗಾಯಿತು.","ते ऐकून माझे रक्त थंड पडले.","அதைக் கேட்டதும் என் ரத்தம் உறைந்து போனது."
p187,fear,"We need to get out of here, now.","ನಾವು ಇಲ್ಲಿಂದ ಈಗಲೇ ಹೊರಡಬೇಕು.","आपल्याला इथून आताच बाहेर पडायला हवे.","நாம் இங்கிருந்து வெளியேற வேண்டும், இப்பொழுதே."
p188,fear,"I can't bear to look.","ನನಗೆ ನೋಡಲು ಸಹಿಸಲಾಗುತ್ತಿಲ್ಲ.","मी पाहू शकत नाही.","என்னால் பார்க்க சகிக்க முடியவில்லை."
p189,fear,"Is someone following us?","ಯಾರಾದರೂ ನಮ್ಮನ್ನು ಹಿಂಬಾಲಿಸುತ್ತಿದ್ದಾರೆಯೇ?","कोणीतरी आपला पाठलाग करत आहे का?","யாராவது நம்மைப் பின்தொடர்கிறார்களா?"
p190,fear,"That was a terrifyingly close call.","ಅದು ಭಯಾನಕವಾದ ಕೂದಲೆಳೆಯ ಅಂತರದ ಪಾರು.","तो एक भयानक जवळचा अनुभव होता.","அது ஒரு திகிலூட்டும் நெருக்கமான அழைப்பு."
p191,surprise,"Well, I'll be! I never would have guessed.","ಹೌದಾ! ನಾನು ಎಂದಿಗೂ ಊಹಿಸಿರಲಿಲ್ಲ.","व्वा! मी कधीच अंदाज लावला नसता.","ஆஹா! நான் யூகித்திருக்கவே மாட்டேன்."
p192,surprise,"You're back already? That was fast!","ನೀನು ಆಗಲೇ ಹಿಂತಿರುಗಿದ್ದೀಯಾ? ಅದು ವೇಗವಾಗಿತ್ತು!","तू परत आलास सुद्धा? किती लवकर!","நீங்கள் ஏற்கனவே திரும்பி விட்டீர்களா? அது வேகமாக இருந்தது!"
p193,surprise,"I'm floored by your generosity.","ನಿನ್ನ ಉದಾರತೆಯಿಂದ ನಾನು ದಿಗ್ಭ್ರಮೆಗೊಂಡಿದ್ದೇನೆ.","मी तुझ्या उदारतेने थक्क झालो आहे.","உங்கள் தாராள மனப்பான்மையால் நான் திகைத்துவிட்டேன்."
p194,surprise,"It's you! What a coincidence!","ನೀನಾ! ಎಂತಹ ಕಾಕತಾಳೀಯ!","तू आहेस! काय योगायोग आहे!","நீயா! என்ன ஒரு தற்செயல்!"
p195,surprise,"I did not expect this outcome at all.","ನಾನು ಈ ಫಲಿತಾಂಶವನ್ನು ಖಂಡಿತವಾಗಿಯೂ ನಿರೀಕ್ಷಿಸಿರಲಿಲ್ಲ.","मी या निकालाची अजिबात अपेक्षा केली नव्हती.","இந்த முடிவை நான் எதிர்பார்க்கவே இல்லை."
p196,surprise,"Wait, that's what you meant the whole time?","ಒಂದು ನಿಮಿಷ, ನೀನು ಇಷ್ಟು ಹೊತ್ತು ಹೇಳುತ್ತಿದ್ದದ್ದು ಇದನ್ನೇನಾ?","थांब, तुला हेच म्हणायचे होते का?","பொறு, இவ்வளவு நேரமும் நீ சொன்னது இதுதானா?"
p197,surprise,"This changes everything.","ಇದು ಎಲ್ಲವನ್ನೂ ಬದಲಾಯಿಸುತ್ತದೆ.","हे सर्व काही बदलते.","இது எல்லாவற்றையும் மாற்றுகிறது."
p198,surprise,"A promotion? For me? I'm shocked.","ಬಡ್ತಿ? ನನಗಾ? ನನಗೆ ಆಘಾತವಾಗಿದೆ.","पदोन्नती? माझ्यासाठी? मला धक्का बसला आहे.","பதவி உயர்வு? எனக்கா? நான் அதிர்ச்சியடைந்தேன்."
p199,surprise,"This is the last thing I expected to find.","ನಾನು ಹುಡುಕಲು ನಿರೀಕ್ಷಿಸಿದ ಕೊನೆಯ ವಸ್ತು ಇದು.","ही शेवटची गोष्ट आहे जी मला सापडेल अशी अपेक्षा होती.","நான் கண்டுபிடிக்க எதிர்பார்த்த கடைசி விஷயம் இது."
p200,surprise,"You remembered! I'm so touched.","ನೀನು ನೆನಪಿಟ್ಟುಕೊಂಡಿದ್ದೀಯ! ನಾನು ತುಂಬಾ भावुकನಾಗಿದ್ದೇನೆ.","तू लक्षात ठेवलेस! मला खूप आनंद झाला.","நீங்கள் நினைவில் வைத்திருக்கிறீர்கள்! நான் மிகவும் நெகிழ்ந்து போனேன்."
p201,sadness,"It feels like a part of me is missing.","ನನ್ನ ಒಂದು ಭಾಗವೇ ಕಾಣೆಯಾದಂತೆ ಭಾಸವಾಗುತ್ತಿದೆ.","माझा एक भाग हरवला आहे असे वाटते.","என் ஒரு பகுதி காணாமல் போனது போல் உணர்கிறேன்."
p202,sadness,"Today is just a really difficult day.","ಇಂದು ನಿಜವಾಗಿಯೂ ಕಷ್ಟದ ದಿನ.","आजचा दिवस खूप कठीण आहे.","இன்று மிகவும் கடினமான நாள்."
p203,sadness,"I feel so alone right now.","ನನಗೆ ಈಗ ತುಂಬಾ ಒಂಟಿತನ ಕಾಡುತ್ತಿದೆ.","मला आता खूप एकटे वाटत आहे.","நான் இப்போது மிகவும் தனியாக உணர்கிறேன்."
p204,sadness,"The news just broke my heart.","ಆ ಸುದ್ದಿ ನನ್ನ ಹೃದಯವನ್ನು ಮುರಿಯಿತು.","त्या बातमीने माझे हृदय तोडले.","அந்த செய்தி என் இதயத்தை உடைத்துவிட்டது."
p205,sadness,"I can't seem to shake this gloom.","ಈ ವಿಷಣ್ಣತೆಯನ್ನು ನಾನು 떨쳐ಹಾಕಲು ಸಾಧ್ಯವಿಲ್ಲ.","मी ही उदासी झटकू शकत नाही.","இந்த இருளை என்னால் அசைக்க முடியவில்லை."
p206,sadness,"Saying goodbye was harder than I thought.","ವಿದಾಯ ಹೇಳುವುದು ನಾನು ಅಂದುಕೊಂಡಿದ್ದಕ್ಕಿಂತ ಕಷ್ಟಕರವಾಗಿತ್ತು.","निरोप घेणे मला वाटले त्यापेक्षा कठीण होते.","விடைபெறுவது நான் நினைத்ததை விட கடினமாக இருந்தது."
p207,sadness,"I'm just not feeling like myself.","ನನಗೆ ನನ್ನಂತೆಯೇ ಅನಿಸುತ್ತಿಲ್ಲ.","मला आज माझ्यासारखे वाटत नाहीये.","நான் நானாக இருப்பது போல் உணரவில்லை."
p208,sadness,"Some days, the weight is just too much.","ಕೆಲವು ದಿನ, ಭಾರವು ತುಂಬಾ ಹೆಚ್ಚಾಗಿರುತ್ತದೆ.","काही दिवस, हे ओझे खूप जास्त असते.","சில நாட்களில், பாரம் அதிகமாக உள்ளது."
p209,sadness,"I'm disappointed in how things turned out.","ವಿಷಯಗಳು ಹೇಗೆ ಹೊರಹೊಮ್ಮಿದವು ಎಂಬುದರ ಬಗ್ಗೆ ನನಗೆ ನಿರಾಸೆಯಾಗಿದೆ.","गोष्टी जशा घडल्या त्यामुळे मी निराश झालो आहे.","விஷயங்கள் எப்படி நடந்தன என்பதில் நான் ஏமாற்றமடைகிறேன்."
p210,sadness,"This place brings back so many painful memories.","ಈ ಸ್ಥಳವು ಅನೇಕ ನೋವಿನ ನೆನಪುಗಳನ್ನು ಮರಳಿ ತರುತ್ತದೆ.","हे ठिकाण अनेक वेदनादायक आठवणी परत आणते.","இந்த இடம் பல வலிமிகுந்த நினைவுகளை மீண்டும் கொண்டு வருகிறது."
p211,disgust,"Their two-faced nature is repulsive.","ಅವರ ಎರಡು ಮುಖದ ಸ್ವಭಾವವು ಅಸಹ್ಯಕರವಾಗಿದೆ.","त्यांचा दुटप्पी स्वभाव घृणास्पद आहे.","அவர்களின் இருமுகத் தன்மை அருவருப்பானது."
p212,disgust,"How can you eat that? It looks spoiled.","ನೀನು ಅದನ್ನು ಹೇಗೆ ತಿನ್ನಬಲ್ಲೆ? ಅದು ಹಾಳಾದಂತೆ ಕಾಣುತ್ತಿದೆ.","तू ते कसे खाऊ शकतोस? ते खराब झालेले दिसते.","அதை எப்படி சாப்பிட முடியும்? அது கெட்டுப் போனது போல் தெரிகிறது."
p213,disgust,"I'm disgusted by the way they treat people.","ಅವರು ಜನರನ್ನು ನಡೆಸಿಕೊಳ್ಳುವ ರೀತಿಯಿಂದ ನನಗೆ ಅಸಹ್ಯವಾಗಿದೆ.","ते ज्या प्रकारे लोकांना वागवतात त्यामुळे मला घृणा येते.","அவர்கள் மக்களை நடத்தும் விதத்தால் நான் அருவருப்படைகிறேன்."
p214,disgust,"The smell in here is making me sick.","ಇಲ್ಲಿನ ವಾಸನೆ ನನಗೆ ವಾಕರಿಕೆ ತರಿಸುತ್ತಿದೆ.","इथल्या वासाने मला मळमळत आहे.","இங்குள்ள வாசனை எனக்கு குமட்டலை ஏற்படுத்துகிறது."
p215,disgust,"He's nothing but a sycophant.","ಅವನು ಕೇವಲ ಒಬ್ಬ ಚಮಚಾ.","तो केवळ एक खुशामतखोर आहे.","அவன் முகஸ்துதி செய்பவனைத் தவிர வேறில்லை."
p216,disgust,"This whole situation is morally rotten.","ಈ ಇಡೀ ಪರಿಸ್ಥಿತಿಯು ನೈತಿಕವಾಗಿ ಕೊಳೆತಿದೆ.","ही संपूर्ण परिस्थिती नैतिकदृष्ट्या सडलेली आहे.","இந்த முழு சூழ்நிலையும் தார்மீக ரீதியாக அழுகிவிட்டது."
p217,disgust,"I can't stand to be in the same room as them.","ನಾನು ಅವರೊಂದಿಗೆ ಒಂದೇ ಕೋಣೆಯಲ್ಲಿ ಇರಲು ಸಹಿಸುವುದಿಲ್ಲ.","मी त्यांच्यासोबत एकाच खोलीत राहू शकत नाही.","அவர்களுடன் ஒரே அறையில் இருப்பதை என்னால் தாங்க முடியவில்லை."
p218,disgust,"That's just a vile thing to do to someone.","ಯಾರಿಗಾದರೂ ಮಾಡಲು ಅದು ಕೇವಲ ನೀಚ ಕೆಲಸ.","कोणासोबतही असे करणे हे एक नीच कृत्य आहे.","ஒருவருக்குச் செய்வது ஒரு கீழ்த்தரமான செயல்."
p219,disgust,"Wash your hands, that's revolting.","ನಿನ್ನ ಕೈಗಳನ್ನು ತೊಳೆಯ, ಅದು ಅಸಹ್ಯಕರ.","तुझे हात धु, ते किळसवाणे आहे.","கைகளைக் கழுவு, அது அருவருப்பானது."
p220,disgust,"The sight of it turns my stomach.","ಅದರ ದೃಶ್ಯವು ನನ್ನ ಹೊಟ್ಟೆಯನ್ನು ತಿರುಗಿಸುತ್ತದೆ.","ते दृश्य पाहून माझे पोटात ढवळते.","அதன் காட்சி என் வயிற்றைக் கலக்குகிறது."
p221,anger,"This is the ultimate betrayal!","ಇದು ಅಂತಿಮ ದ್ರೋಹ!","हा अंतिम विश्वासघात आहे!","இது இறுதித் துரோகம்!"
p222,anger,"I am so done with this nonsense.","ಈ ಅಸಂಬದ್ಧತೆಯಿಂದ ನನಗೆ ಸಾಕಾಗಿದೆ.","मी या मूर्खपणाला कंटाळलो आहे.","இந்த முட்டாள்தனத்தை நான் முடித்துவிட்டேன்."
p223,anger,"You had no right to do that.","ಅದನ್ನು ಮಾಡಲು ನಿನಗೆ ಯಾವುದೇ ಹಕ್ಕಿಲ್ಲ.","तुला ते करण्याचा काहीही अधिकार नव्हता.","அதைச் செய்ய உங்களுக்கு எந்த உரிமையும் இல்லை."
p224,anger,"The incompetence here is infuriating.","ಇಲ್ಲಿನ ಅಸಮರ್ಥತೆಯು ಕೋಪವನ್ನು ಉಂಟುಮಾಡುತ್ತದೆ.","येथील अक्षमता संतापजनक आहे.","இங்குள்ள திறமையின்மை ஆத்திரமூட்டுகிறது."
p225,anger,"You broke your promise to me.","ನೀನು ನನಗೆ ಕೊಟ್ಟ ಮಾತನ್ನು ಮುರಿದೆ.","तू मला दिलेले वचन मोडलेस.","நீ எனக்குக் கொடுத்த வாக்கை மீறிவிட்டாய்."
p226,anger,"I will not tolerate this disrespect.","ನಾನು ಈ ಅಗೌರವವನ್ನು ಸಹಿಸುವುದಿಲ್ಲ.","मी हा अनादर सहन करणार नाही.","இந்த அவமரியாதையை நான் பொறுத்துக்கொள்ள மாட்டேன்."
p227,anger,"This is an absolute mockery of justice.","ಇದು ನ್ಯಾಯದ ಸಂಪೂರ್ಣ ಅಣಕ.","ही न्यायाची निव्वळ थट्टा आहे.","இது நீதியின் முழுமையான கேலிக்கூத்து."
p228,anger,"My patience has completely run out.","ನನ್ನ ತಾಳ್ಮೆ ಸಂಪೂರ್ಣವಾಗಿ ಮುಗಿದಿದೆ.","माझा संयम पूर्णपणे संपला आहे.","என் பொறுமை முற்றிலும் தீர்ந்துவிட்டது."
p229,anger,"What were you thinking?","ನೀನು ಏನು ಯೋಚಿಸುತ್ತಿದ್ದೆ?","तू काय विचार करत होतास?","நீ என்ன நினைத்துக் கொண்டிருந்தாய்?"
p230,anger,"I'm livid about the decision.","ಆ ನಿರ್ಧಾರದ ಬಗ್ಗೆ ನನಗೆ ತೀವ್ರ ಕೋಪವಿದೆ.","मी त्या निर्णयाबद्दल खूप चिडलो आहे.","அந்த முடிவால் நான் கோபமாக இருக்கிறேன்."
p231,anticipation,"The air is electric with excitement.","ವಾತಾವರಣವು ಉತ್ಸಾಹದಿಂದ ವಿದ್ಯುನ್ಮಯವಾಗಿದೆ.","वातावरण उत्साहाने भारलेले आहे.","காற்றழுத்தம் உற்சாகத்தால் மின்மயமாக உள்ளது."
p232,anticipation,"I'm so excited, I can barely sit still.","ನಾನು ತುಂಬಾ ಉತ್ಸುಕನಾಗಿದ್ದೇನೆ, ನನಗೆ ಸುಮ್ಮನೆ ಕುಳಿತುಕೊಳ್ಳಲು ಸಾಧ್ಯವಾಗುತ್ತಿಲ್ಲ.","मी इतका उत्साही आहे की मी शांत बसू शकत नाही.","நான் மிகவும் உற்சாகமாக இருக்கிறேன், என்னால் அசையாமல் உட்கார முடியவில்லை."
p233,anticipation,"The premiere is just around the corner.","ಪ್ರದರ್ಶನವು ಹತ್ತಿರದಲ್ಲೇ ಇದೆ.","प्रिमियर अगदी जवळ आला आहे.","பிரீமியர் வெகு அருகில் உள்ளது."
p234,anticipation,"I'm on pins and needles waiting for the news.","ನಾನು ಸುದ್ದಿಗಾಗಿ ಕಾತರದಿಂದ ಕಾಯುತ್ತಿದ್ದೇನೆ.","मी बातमीसाठी आतुरतेने वाट पाहत आहे.","நான் செய்திக்காக ஊசிகளின் முனையில் காத்திருக்கிறேன்."
p235,anticipation,"I can almost taste the victory.","ನಾನು ಬಹುತೇಕ ವಿಜಯದ ರುಚಿಯನ್ನು ನೋಡಬಲ್ಲೆ.","मी विजयाची चव जवळजवळ घेऊ शकतो.","நான் வெற்றியை கிட்டத்தட்ட சுவைக்க முடியும்."
p236,anticipation,"Just a few more days until vacation!","ರಜೆಗೆ ಇನ್ನು ಕೆಲವೇ ದಿನಗಳು!","सुट्टीसाठी फक्त काही दिवस बाकी!","விடுமுறைக்கு இன்னும் சில நாட்களே!"
p237,anticipation,"What will you choose? I'm dying to know!","ನೀನು ಏನು ಆರಿಸುತ್ತೀಯ? ತಿಳಿಯಲು ನಾನು ಸಾಯುತ್ತಿದ್ದೇನೆ!","तू काय निवडशील? मला जाणून घ्यायची उत्सुकता आहे!","நீங்கள் என்ன தேர்ந்தெடுப்பீர்கள்? தெரிந்து கொள்ள நான் ஆவலாக இருக்கிறேன்!"
p238,anticipation,"I'm holding my breath for the final scene.","ನಾನು ಅಂತಿಮ ದೃಶ್ಯಕ್ಕಾಗಿ ಉಸಿರು ಬಿಗಿಹಿಡಿದು ಕಾಯುತ್ತಿದ್ದೇನೆ.","मी शेवटच्या दृश्यासाठी माझा श्वास रोखून धरला आहे.","இறுதிக் காட்சிக்காக நான் மூச்சைப் பிடித்துக் கொண்டிருக்கிறேன்."
p239,anticipation,"The launch is scheduled for tomorrow morning.","ಉಡಾವಣೆಯು ನಾಳೆ ಬೆಳಿಗ್ಗೆ ನಿಗದಿಯಾಗಿದೆ.","प्रक्षेपण उद्या सकाळी नियोजित आहे.","வெளியீடு நாளை காலை திட்டமிடப்பட்டுள்ளது."
p240,anticipation,"Soon, everything will be revealed.","ಶೀಘ್ರದಲ್ಲೇ, ಎಲ್ಲವೂ ಬಹಿರಂಗಗೊಳ್ಳಲಿದೆ.","लवकरच, सर्व काही उघड होईल.","விரைவில், எல்லாம் வெளிப்படும்."
p241,joy,"I'm walking on sunshine today!","ಇಂದು ನಾನು ಸೂರ್ಯನ ಕಿರಣಗಳ ಮೇಲೆ ನಡೆಯುತ್ತಿದ್ದೇನೆ!","आज मी खूप आनंदात आहे!","இன்று நான் சூரிய ஒளியில் நடக்கிறேன்!"
p242,joy,"Your kindness has completely made my day.","ನಿಮ್ಮ ದಯೆ ನನ್ನ ದಿನವನ್ನು ಸಂಪೂರ್ಣವಾಗಿ ಮಾಡಿದೆ.","तुमच्या दयाळूपणामुळे माझा दिवस पूर्णपणे सफल झाला.","உங்கள் கருணை என் நாளை முழுமையாக்கியது."
p243,joy,"This is pure, simple happiness.","ಇದು ಶುದ್ಧ, ಸರಳ ಸಂತೋಷ.","हा शुद्ध, साधा आनंद आहे.","இது தூய, எளிய மகிழ்ச்சி."
p244,joy,"I'm so thrilled for your success!","ನಿಮ್ಮ ಯಶಸ್ಸಿಗೆ ನಾನು ತುಂಬಾ ರೋಮಾಂಚನಗೊಂಡಿದ್ದೇನೆ!","तुझ्या यशाबद्दल मला खूप आनंद झाला आहे!","உங்கள் வெற்றிக்காக நான் மிகவும் மகிழ்ச்சியடைகிறேன்!"
p245,joy,"What a fantastic outcome!","ಎಂತಹ ಅದ್ಭುತ ಫಲಿತಾಂಶ!","काय विलक्षण परिणाम आहे!","என்ன ஒரு அருமையான முடிவு!"
p246,joy,"I feel so light and carefree.","ನನಗೆ ತುಂಬಾ ಹಗುರ ಮತ್ತು ನಿರಾತಂಕವೆನಿಸುತ್ತಿದೆ.","मला खूप हलके आणि निश्चिंत वाटते.","நான் மிகவும் லேசாகவும் கவலையற்றதாகவும் உணர்கிறேன்."
p247,joy,"A huge smile is plastered on my face.","ನನ್ನ ಮುಖದ ಮೇಲೆ ಒಂದು ದೊಡ್ಡ ನಗು ಅಂಟಿಕೊಂಡಿದೆ.","माझ्या चेहऱ्यावर एक मोठे हसू पसरले आहे.","என் முகத்தில் ஒரு பெரிய புன்னகை பூசப்பட்டுள்ளது."
p248,joy,"This is everything I could have hoped for.","ನಾನು ಆಶಿಸಬಹುದಾದ ಎಲ್ಲವೂ ಇದಾಗಿದೆ.","मी जे काही आशा केली होती ते सर्व हे आहे.","நான் எதிர்பார்த்தது எல்லாம் இதுதான்."
p249,joy,"Let's celebrate this wonderful news!","ಈ ಅದ್ಭುತ ಸುದ್ದಿಯನ್ನು ಆಚರಿಸೋಣ!","या अद्भुत बातमीचा उत्सव साजरा करूया!","இந்த அற்புதமான செய்தியைக் கொண்டாடுவோம்!"
p250,joy,"My soul is completely content.","ನನ್ನ ಆತ್ಮ ಸಂಪೂರ್ಣವಾಗಿ ಸಂತೃಪ್ತವಾಗಿದೆ.","माझा आत्मा पूर्णपणे समाधानी आहे.","என் ஆன்மா முற்றிலும் திருப்தி அடைந்துள்ளது."
p251,trust,"In your hands, I know everything is safe.","ನಿನ್ನ ಕೈಯಲ್ಲಿ, ಎಲ್ಲವೂ ಸುರಕ್ಷಿತವಾಗಿದೆ ಎಂದು ನನಗೆ ತಿಳಿದಿದೆ.","तुझ्या हातात सर्व काही सुरक्षित आहे हे मला माहित आहे.","உங்கள் கைகளில், எல்லாம் பாதுகாப்பாக இருக்கிறது என்று எனக்குத் தெரியும்."
p252,trust,"You're one of the few people I truly believe in.","ನೀನು ನಾನು ನಿಜವಾಗಿಯೂ ನಂಬುವ ಕೆಲವೇ ಜನರಲ್ಲಿ ಒಬ್ಬ.","तू त्या काही लोकांपैकी एक आहेस ज्यांच्यावर माझा खरोखर विश्वास आहे.","நான் உண்மையாக நம்பும் சிலரில் நீங்களும் ஒருவர்."
p253,trust,"Your word is your bond, and I respect that.","ನಿನ್ನ ಮಾತು ನಿನ್ನ ಬಂಧ, ಮತ್ತು ನಾನು ಅದನ್ನು ಗೌರವಿಸುತ್ತೇನೆ.","तुझा शब्द म्हणजे वचन आहे, आणि मी त्याचा आदर करतो.","உங்கள் வார்த்தையே உங்கள் பந்தம், அதை நான் மதிக்கிறேன்."
p254,trust,"I can tell you anything without fear of judgment.","ನಾನು ತೀರ್ಪಿನ ಭಯವಿಲ್ಲದೆ ನಿನಗೆ ಏನು ಬೇಕಾದರೂ ಹೇಳಬಲ್ಲೆ.","मी निर्णयाच्या भीतीशिवाय तुला काहीही सांगू शकतो.","தீர்ப்புக்குப் பயப்படாமல் நான் உங்களிடம் எதையும் சொல்ல முடியும்."
p255,trust,"Your support gives me the confidence to keep going.","ನಿನ್ನ ಬೆಂಬಲವು ನನಗೆ ಮುಂದುವರಿಯಲು ಆತ್ಮವಿಶ್ವಾಸವನ್ನು ನೀಡುತ್ತದೆ.","तुझा पाठिंबा मला पुढे जाण्याचा आत्मविश्वास देतो.","உங்கள் ஆதரவு எனக்குத் தொடர்ந்து செல்ல நம்பிக்கையைத் தருகிறது."
p256,trust,"We're in this together, I know it.","ನಾವು ಇದರಲ್ಲಿ ಒಟ್ಟಿಗೆ ಇದ್ದೇವೆ, ನನಗೆ ಅದು ತಿಳಿದಿದೆ.","आपण यात एकत्र आहोत, मला माहित आहे.","நாம் இதில் ஒன்றாக இருக்கிறோம், எனக்குத் தெரியும்."
p257,trust,"You have a way of making me feel secure.","ನೀನು ನನ್ನನ್ನು ಸುರಕ್ಷಿತವಾಗಿರಿಸುವ ಒಂದು ವಿಧಾನವನ್ನು ಹೊಂದಿದ್ದೀಯ.","तू मला सुरक्षित वाटायला लावतोस.","என்னை பாதுகாப்பாக உணர வைக்கும் ஒரு வழி உங்களிடம் உள்ளது."
p258,trust,"I have unwavering faith in your abilities.","ನಿನ್ನ ಸಾಮರ್ಥ್ಯಗಳಲ್ಲಿ ನನಗೆ ಅಚಲವಾದ ನಂಬಿಕೆ ಇದೆ.","माझ्या तुझ्या क्षमतेवर अढळ विश्वास आहे.","உங்கள் திறமைகளில் எனக்கு அசைக்க முடியாத நம்பிக்கை உள்ளது."
p259,trust,"You've never steered me wrong.","ನೀನು ನನ್ನನ್ನು ಎಂದಿಗೂ ತಪ್ಪುದಾರಿಗೆ ಎಳೆದಿಲ್ಲ.","तू मला कधीही चुकीचा मार्ग दाखवला नाहीस.","நீங்கள் என்னை ஒருபோதும் தவறாக வழிநடத்தியதில்லை."
p260,trust,"Your consistency is so reassuring.","ನಿನ್ನ ಸ್ಥಿರತೆಯು ತುಂಬಾ ಭರವಸೆ ನೀಡುತ್ತದೆ.","तुमची सातत्य खूप आश्वासक आहे.","உங்கள் நிலைத்தன்மை மிகவும் உறுதியளிக்கிறது."
p261,fear,"I'm completely paralyzed by anxiety.","ನಾನು ಆತಂಕದಿಂದ ಸಂಪೂರ್ಣವಾಗಿ ನಿಶ್ಚೇಷ್ಟಿತನಾಗಿದ್ದೇನೆ.","मी चिंतेने पूर्णपणे खचून गेलो आहे.","நான் கவலையால் முற்றிலும் முடங்கிப் போயிருக்கிறேன்."
p262,fear,"My mind is racing with worst-case scenarios.","ನನ್ನ ಮನಸ್ಸು ಕೆಟ್ಟ ಸನ್ನಿವೇಶಗಳಿಂದ ಓಡುತ್ತಿದೆ.","माझे मन वाईटात वाईट परिस्थितीच्या विचारांनी भरले आहे.","என் மனம் மோசமான சூழ்நிலைகளுடன் ஓடிக்கொண்டிருக்கிறது."
p263,fear,"I have a gut feeling that something bad is coming.","ಏನೋ ಕೆಟ್ಟದ್ದು ಬರಲಿದೆ ಎಂಬ ಒಳಪ್ರಜ್ಞೆ ನನಗಿದೆ.","मला आतून असे वाटत आहे की काहीतरी वाईट घडणार आहे.","ஏதோ கெட்டது வரப்போகிறது என்று எனக்கு ஒரு உள்ளுணர்வு இருக்கிறது."
p264,fear,"I'm holding my breath in terror.","ನಾನು ಭಯದಿಂದ ಉಸಿರು ಬಿಗಿಹಿಡಿದಿದ್ದೇನೆ.","मी दहशतीने माझा श्वास रोखून धरला आहे.","நான் பயத்தில் மூச்சைப் பிடித்துக் கொண்டிருக்கிறேன்."
p265,fear,"That eerie silence is creeping me out.","ಆ ಭಯಾನಕ ಮೌನವು ನನ್ನನ್ನು ಹೆದರಿಸುತ್ತಿದೆ.","ती भयानक शांतता मला घाबरवत आहे.","அந்த வினோதமான மௌனம் என்னைப் பயமுறுத்துகிறது."
p266,fear,"I'm too petrified to open my eyes.","ನನ್ನ ಕಣ್ಣುಗಳನ್ನು ತೆರೆಯಲು ನನಗೆ ತುಂಬಾ ಭಯವಾಗುತ್ತಿದೆ.","मी डोळे उघडायला खूप घाबरत आहे.","கண்களைத் திறக்க நான் மிகவும் பயப்படுகிறேன்."
p267,fear,"The suspense is absolutely unbearable.","ಈ ಕುತೂಹಲ ಸಂಪೂರ್ಣವಾಗಿ ಅಸಹನೀಯವಾಗಿದೆ.","ही उत्सुकता पूर्णपणे असह्य आहे.","இந்த சஸ்பென்ஸ் முற்றிலும் தாங்க முடியாதது."
p268,fear,"I feel like I'm in way over my head.","ನಾನು ನನ್ನ ಸಾಮರ್ಥ್ಯವನ್ನು ಮೀರಿದ ಪರಿಸ್ಥಿತಿಯಲ್ಲಿದ್ದೇನೆ ಎಂದು ನನಗೆ ಅನಿಸುತ್ತದೆ.","मला असे वाटते की मी माझ्या क्षमतेच्या पलीकडच्या परिस्थितीत आहे.","நான் என் தலைக்கு மேல் வழி இருப்பதாக உணர்கிறேன்."
p269,fear,"A wave of pure panic just hit me.","ಶುದ್ಧ ಭೀತಿಯ ಒಂದು ಅಲೆ ನನ್ನ ಮೇಲೆ ಅಪ್ಪಳಿಸಿತು.","शुद्ध दहशतीची एक लाट माझ्यावर आदळली.","தூய பீதியின் அலை ஒன்று என்னை தாக்கியது."
p270,fear,"I'm shaking like a leaf in the wind.","ನಾನು ಗಾಳಿಯಲ್ಲಿ ಎಲೆಯಂತೆ ನಡುಗುತ್ತಿದ್ದೇನೆ.","मी वाऱ्यातील पानासारखा थरथरत आहे.","நான் காற்றில் இலை போல் நடுங்குகிறேன்."
p271,surprise,"I'm absolutely dumbfounded.","ನಾನು ಸಂಪೂರ್ಣವಾಗಿ ಮೂಕವಿಸ್ಮಿತನಾಗಿದ್ದೇನೆ.","मी पूर्णपणे स्तब्ध झालो आहे.","நான் முற்றிலும் திகைத்துவிட்டேன்."
p272,surprise,"You did what? I'm in utter disbelief.","ನೀನು ಏನು ಮಾಡಿದೆ? ನನಗೆ ಸಂಪೂರ್ಣವಾಗಿ ನಂಬಲು ಸಾಧ್ಯವಿಲ್ಲ.","तू काय केलेस? माझा अजिबात विश्वास बसत नाही.","நீங்கள் என்ன செய்தீர்கள்? நான் முற்றிலும் நம்பமுடியாத நிலையில் இருக்கிறேன்."
p273,surprise,"This is a plot twist I never saw coming.","ಇದು ನಾನು ಎಂದಿಗೂ ನಿರೀಕ್ಷಿಸದ ಕಥೆಯ ತಿರುವು.","हा एक असा प्लॉट ट्विस्ट आहे ज्याची मी कधीच अपेक्षा केली नव्हती.","இது நான் பார்த்திராத ஒரு கதை திருப்பம்."
p274,surprise,"Really? Are you being serious right now?","ನಿಜವಾಗಿಯೂ? ನೀನು ಈಗ ಗಂಭೀರವಾಗಿ ಹೇಳುತ್ತಿದ್ದೀಯಾ?","खरंच? तू आता गंभीर आहेस का?","உண்மையாகவா? நீங்கள் இப்போது சீரியஸாக இருக்கிறீர்களா?"
p275,surprise,"You've rendered me utterly speechless.","ನೀನು ನನ್ನನ್ನು ಸಂಪೂರ್ಣವಾಗಿ ಮೂಕನನ್ನಾಗಿಸಿದ್ದೀಯ.","तू मला पूर्णपणे निःशब्द केले आहेस.","நீங்கள் என்னை முற்றிலும் வாயடைக்க வைத்துவிட்டீர்கள்."
p276,surprise,"I had to do a double-take to believe it.","ಅದನ್ನು ನಂಬಲು ನಾನು ಎರಡು ಬಾರಿ ನೋಡಬೇಕಾಯಿತು.","ते खरे मानण्यासाठी मला दोनदा पाहावे लागले.","அதை நம்புவதற்கு நான் இரண்டு முறை பார்க்க வேண்டியிருந்தது."
p277,surprise,"This is just mind-boggling!","ಇದು ಕೇವಲ ತಲೆತಿರುಗುವಂತಿದೆ!","हे फक्त मन चक्रावून टाकणारे आहे!","இது மனதைக் குழப்புகிறது!"
p278,surprise,"Of all the possibilities, I never considered this one.","ಎಲ್ಲಾ ಸಾಧ್ಯತೆಗಳಲ್ಲಿ, ನಾನು ಇದನ್ನು ಎಂದಿಗೂ ಪರಿಗಣಿಸಿರಲಿಲ್ಲ.","सर्व शक्यतांपैकी, मी याचा कधीच विचार केला नव्हता.","எல்லா சாத்தியக்கூறுகளிலும், நான் இதை ஒருபோதும் கருத்தில் கொள்ளவில்லை."
p279,surprise,"My expectations were completely upended.","ನನ್ನ ನಿರೀಕ್ಷೆಗಳು ಸಂಪೂರ್ಣವಾಗಿ ತಲೆಕೆಳಗಾದವು.","माझ्या अपेक्षा पूर्णपणे उधळल्या गेल्या.","என் எதிர்பார்ப்புகள் முற்றிலும் தலைகீழாக மாறியது."
p280,surprise,"You shouldn't have! This is far too generous.","ನೀವು ಹೀಗೆ ಮಾಡಬಾರದಿತ್ತು! ಇದು ತುಂಬಾ ಉದಾರವಾಗಿದೆ.","तुम्ही हे करायला नको होते! हे खूप उदार आहे.","நீங்கள் செய்திருக்கக் கூடாது! இது மிகவும் தாராளமானது."
p281,sadness,"My world feels a little darker today.","ಇಂದು ನನ್ನ ಪ್ರಪಂಚವು ಸ್ವಲ್ಪ ಕತ್ತಲಾಗಿದೆ ಎಂದು ಭಾಸವಾಗುತ್ತಿದೆ.","आज माझे जग थोडे अंधारमय वाटत आहे.","இன்று என் உலகம் சற்று இருண்டதாக உணர்கிறேன்."
p282,sadness,"A deep melancholy has taken hold of me.","ಒಂದು ಆಳವಾದ ವಿಷಣ್ಣತೆಯು ನನ್ನನ್ನು ಆವರಿಸಿದೆ.","एका खोल उदासीने मला घेरले आहे.","ஒரு ஆழ்ந்த துக்கம் என்னைப் பிடித்துக் கொண்டது."
p283,sadness,"It's just one of those days where everything feels off.","ಇಂದು ಎಲ್ಲವೂ ಸರಿಯಿಲ್ಲ ಎಂದು ಭಾಸವಾಗುವ ದಿನಗಳಲ್ಲಿ ಇದೂ ಒಂದು.","आज त्या दिवसांपैकी एक आहे जिथे सर्व काही चुकीचे वाटते.","எல்லாம் சரியில்லாமல் உணரும் அந்த நாட்களில் இதுவும் ஒன்று."
p284,sadness,"I'm mourning the loss of what could have been.","ಏನಾಗಬಹುದಿತ್ತೋ ಅದರ ನಷ್ಟಕ್ಕಾಗಿ ನಾನು ಶೋಕಿಸುತ್ತಿದ್ದೇನೆ.","जे होऊ शकले असते त्याच्या नुकसानीबद्दल मी शोक करत आहे.","என்ன நடந்திருக்கலாம் என்ற இழப்புக்காக நான் துக்கிக்கிறேன்."
p285,sadness,"I feel utterly and completely defeated.","ನಾನು ಸಂಪೂರ್ಣವಾಗಿ ಮತ್ತು ಪೂರ್ಣವಾಗಿ ಸೋತಿದ್ದೇನೆ ಎಂದು ಭಾವಿಸುತ್ತೇನೆ.","मी पूर्णपणे आणि संपूर्णपणे पराभूत झाल्यासारखे वाटते.","நான் முற்றிலும் மற்றும் முழுமையாக தோற்கடிக்கப்பட்டதாக உணர்கிறேன்."
p286,sadness,"There's a quiet ache in my soul today.","ಇಂದು ನನ್ನ ಆತ್ಮದಲ್ಲಿ ಒಂದು ಮೌನವಾದ ನೋವಿದೆ.","आज माझ्या आत्म्यात एक शांत वेदना आहे.","இன்று என் ஆன்மாவில் ஒரு அமைதியான வலி இருக்கிறது."
p287,sadness,"The cheerfulness of others feels so distant.","ಇತರರ ಸಂತೋಷವು ತುಂಬಾ ದೂರವೆಂದು ಭಾಸವಾಗುತ್ತಿದೆ.","इतरांचा आनंद खूप दूरचा वाटतो.","மற்றவர்களின் மகிழ்ச்சி வெகு தொலைவில் இருப்பதாக உணர்கிறேன்."
p288,sadness,"I'm finding it hard to cope with this feeling.","ಈ ಭಾವನೆಯನ್ನು ನಿಭಾಯಿಸಲು ನನಗೆ ಕಷ್ಟವಾಗುತ್ತಿದೆ.","मला या भावनेला सामोरे जाणे कठीण होत आहे.","இந்த உணர்வைச் சமாளிப்பது எனக்குக் கடினமாக இருக்கிறது."
p289,sadness,"This feeling of emptiness is just consuming.","ಈ ಶೂನ್ಯತೆಯ ಭಾವನೆಯು ಕೇವಲ ತಿನ್ನುತ್ತಿದೆ.","ही रिकामीपणाची भावना फक्त खाऊन टाकत आहे.","இந்த வெறுமையின் உணர்வு வெறுமனே உட்கொள்கிறது."
p290,sadness,"It's a bittersweet memory that brings tears.","ಇದು ಕಣ್ಣೀರು ತರುವ ಒಂದು ಸಿಹಿ-ಕಹಿ ನೆನಪು.","ही एक गोड-कडू आठवण आहे जी डोळ्यात पाणी आणते.","இது கண்ணீரை வரவழைக்கும் ஒரு கசப்பான நினைவு."
p291,disgust,"His arrogance is utterly nauseating.","ಅವನ ಅಹಂಕಾರವು ಸಂಪೂರ್ಣವಾಗಿ ವಾಕರಿಕೆ ತರಿಸುತ್ತದೆ.","त्याचा अहंकार पूर्णपणे मळमळ आणणारा आहे.","அவனது அகம்பாவம் முற்றிலும் குமட்டலை ஏற்படுத்துகிறது."
p292,disgust,"What a pathetic display of cowardice.","ಎಂತಹ ಹೇಡಿತನದ ಶೋಚನೀಯ ಪ್ರದರ್ಶನ.","किती दयनीय भ्याडपणाचे प्रदर्शन आहे.","என்ன ஒரு கோழைத்தனமான பரிதாபகரமான காட்சி."
p293,disgust,"That's a complete perversion of the truth.","ಅದು ಸತ್ಯದ ಸಂಪೂರ್ಣ ವಿಕೃತಿ.","ते सत्याचा पूर्ण विपर्यास आहे.","அது உண்மையின் முழுமையான विकৃতি."
p294,disgust,"I find their lack of empathy revolting.","ಅವರ ಸಹಾನುಭೂತಿಯ ಕೊರತೆಯು ನನಗೆ ಅಸಹ್ಯಕರವಾಗಿದೆ.","त्यांच्या सहानुभूतीच्या अभावामुळे मला घृणा येते.","அவர்களின் பச்சாதாபமின்மையை நான் அருவருப்பாகக் காண்கிறேன்."
p295,disgust,"The stench of their hypocrisy is overwhelming.","ಅವರ ಬೂಟಾಟಿಕೆಯ ದುರ್ವಾಸನೆಯು ಅಗಾಧವಾಗಿದೆ.","त्यांच्या ढोंगीपणाचा वास असह्य आहे.","அவர்களின் பாசாங்குத்தனத்தின் துர்நாற்றம் தாங்க முடியாதது."
p296,disgust,"This is a new low, even for them.","ಇದು ಅವರಿಗೂ ಸಹ ಒಂದು ಹೊಸ ನೀಚ ಮಟ್ಟ.","ही त्यांच्यासाठीही एक नवीन नीच पातळी आहे.","இது அவர்களுக்கும் ஒரு புதிய தாழ்வு."
p297,disgust,"I'm repulsed by their endless greed.","ಅವರ ಅಂತ್ಯವಿಲ್ಲದ ದುರಾಸೆಯಿಂದ ನನಗೆ ಅಸಹ್ಯವಾಗಿದೆ.","त्यांच्या अंतहीन लोभामुळे मला घृणा येते.","அவர்களின் अंतहीन பேராசையால் నేను அருவருப்படைகிறேன்."
p298,disgust,"That kind of behavior just makes my skin crawl.","ಆ ರೀತಿಯ ನಡವಳಿಕೆಯು ನನ್ನ ಮೈ ಜುಮ್ಮೆನಿಸುತ್ತದೆ.","त्या प्रकारच्या वागण्याने माझ्या अंगावर शहारे येतात.","அந்த மாதிரியான நடத்தை என் தோலை சிலிர்க்க வைக்கிறது."
p299,disgust,"What a spineless and shameful thing to do.","ಮಾಡಲು ಎಂತಹ ಬೆನ್ನೆಲುಬಿಲ್ಲದ ಮತ್ತು ನಾಚಿಕೆಗೇಡಿನ ಕೆಲಸ.","किती निर्लज्ज आणि लाजिरवाणी गोष्ट आहे ही.","என்ன ஒரு முதுகெலும்பற்ற மற்றும் வெட்கக்கேடான செயல்."
p300,disgust,"I feel like I need to wash my eyes after seeing that.","ಅದನ್ನು ನೋಡಿದ ನಂತರ ನಾನು ನನ್ನ ಕಣ್ಣುಗಳನ್ನು ತೊಳೆಯಬೇಕೆಂದು ಅನಿಸುತ್ತದೆ.","ते पाहिल्यानंतर मला माझे डोळे धुवावेसे वाटतात.","அதைப் பார்த்த பிறகு என் கண்களைக் கழுவ வேண்டும் என்று உணர்கிறேன்."
p301,anger,"This is an infuriating waste of everyone's time.","ಇದು ಎಲ್ಲರ ಸಮಯದ ಕೋಪವನ್ನು ಉಂಟುಮಾಡುವ ವ್ಯರ್ಥ.","हा सर्वांच्या वेळेचा संतापजनक अपव्यय आहे.","இது அனைவரின் நேரத்தையும் வீணடிக்கும் ஒரு ஆத்திரமூட்டும் செயல்."
p302,anger,"I am seething with frustration right now.","ನಾನು ಈಗ ಹತಾಶೆಯಿಂದ ಕುದಿಯುತ್ತಿದ್ದೇನೆ.","मी आता नैराश्याने उकळत आहे.","நான் இப்போது விரக்தியில் கொதிக்கிறேன்."
p303,anger,"How could you be so unbelievably careless?","ನೀನು ಹೇಗೆ ಇಷ್ಟು ನಂಬಲಾಗದಷ್ಟು ಅಜಾಗರೂಕನಾಗಿರಬಲ್ಲೆ?","तू इतका अविश्वसनीयपणे निष्काळजी कसा असू शकतोस?","நீங்கள் எப்படி இவ்வளவு நம்பமுடியாத அளவிற்கு கவனக்குறைவாக இருக்க முடியும்?"
p304,anger,"I have bitten my tongue for the very last time.","ನಾನು ಕೊನೆಯ ಬಾರಿಗೆ ನನ್ನ ನಾಲಿಗೆಯನ್ನು ಕಚ್ಚಿದ್ದೇನೆ.","मी शेवटच्या वेळी माझी जीभ चावली आहे.","நான் கடைசியாக என் நாக்கைக் கடித்துக் கொண்டேன்."
p305,anger,"Your sheer apathy is absolutely maddening.","ನಿನ್ನ ಸಂಪೂರ್ಣ ಉದಾಸೀನತೆಯು ಸಂಪೂರ್ಣವಾಗಿ ಹುಚ್ಚು ಹಿಡಿಸುತ್ತದೆ.","तुमची निव्वळ उदासीनता पूर्णपणे वेड लावणारी आहे.","உங்கள் ಸಂಪೂರ್ಣ উদাসীনতা முற்றிலும் பைத்தியக்காரத்தனமானது."
p306,anger,"This whole setup is an absolute travesty.","ಈ ಇಡೀ ವ್ಯವಸ್ಥೆಯು ಸಂಪೂರ್ಣ ಪ್ರಹಸನವಾಗಿದೆ.","ही संपूर्ण व्यवस्था एक निव्वळ विडंबन आहे.","இந்த முழு அமைப்பும் ஒரு முழுமையான கேலிக்கூத்து."
p307,anger,"That was a cheap shot, and you know it.","ಅದು ಒಂದು ಕೀಳು ಹೊಡೆತ, ಮತ್ತು ನಿನಗೆ ಅದು ತಿಳಿದಿದೆ.","तो एक स्वस्त फटका होता, आणि तुला ते माहित आहे.","அது ஒரு மலிவான அடி, அது உனக்குத் தெரியும்."
p308,anger,"Do not test the limits of my patience.","ನನ್ನ ತಾಳ್ಮೆಯ ಮಿತಿಯನ್ನು ಪರೀಕ್ಷಿಸಬೇಡ.","माझ्या संयमाची परीक्षा घेऊ नकोस.","என் பொறுமையின் எல்லையை சோதிக்காதே."
p309,anger,"I'm furious at the blatant lack of accountability.","ಹೊಣೆಗಾರಿಕೆಯ ಸ್ಪಷ್ಟ ಕೊರತೆಯಿಂದ ನನಗೆ ಕೋಪ ಬಂದಿದೆ.","जबाबदारीच्या उघड अभावामुळे मी संतप्त आहे.","வெளிப்படையான பொறுப்புக்கூறல் இல்லாததால் நான் கோபமாக இருக்கிறேன்."
p310,anger,"You've just awakened a fire in me.","ನೀನು ನನ್ನಲ್ಲಿ ಒಂದು ಬೆಂಕಿಯನ್ನು ಜಾಗೃತಗೊಳಿಸಿದ್ದೀಯ.","तू माझ्या आत एक आग पेटवली आहेस.","நீ என்னுள் ஒரு நெருப்பை எழுப்பிவிட்டாய்."
p311,anticipation,"The air is just thick with possibility.","ವಾತಾವರಣವು ಸಾಧ್ಯತೆಯಿಂದ ದಟ್ಟವಾಗಿದೆ.","हवा शक्यतांनी भरलेली आहे.","காற்றழுத்தம் சாத்தியக்கூறுகளால் ದಟ್ಟமாக உள்ளது."
p312,anticipation,"I'm buzzing with excitement for what's next.","ಮುಂದೆ ಏನಾಗುವುದೋ ಎಂಬ ಉತ್ಸಾಹದಿಂದ ನಾನು ತುಂಬಿದ್ದೇನೆ.","पुढे काय होणार आहे याच्या उत्साहाने मी भारलेला आहे.","அடுத்து என்ன நடக்கும் என்பதற்கான உற்சாகத்தில் நான் மூழ்கியிருக்கிறேன்."
p313,anticipation,"The big reveal is almost upon us.","ದೊಡ್ಡ ಬಹಿರಂಗಪಡಿಸುವಿಕೆಯು ನಮ್ಮ ಮೇಲೆ ಬರಲಿದೆ.","मोठा खुलासा जवळजवळ आपल्यावर आहे.","பெரிய வெளிப்பாடு கிட்டத்தட்ட நம் மீது உள்ளது."
p314,anticipation,"I can barely contain my eagerness for it to start.","ಅದು ಪ್ರಾರಂಭವಾಗಲು ನನ್ನ ಉತ್ಸಾಹವನ್ನು ನಾನು ತಡೆಯಲು ಸಾಧ್ಯವಿಲ್ಲ.","ते सुरू होण्यासाठी मी माझी उत्सुकता रोखू शकत नाही.","அது தொடங்குவதற்கான என் ஆவலை என்னால் அடக்க முடியவில்லை."
p315,anticipation,"The very thought of it makes my heart race.","ಅದರ ಯೋಚನೆಯೇ ನನ್ನ ಹೃದಯವನ್ನು ವೇಗವಾಗಿ ಬಡಿಯುವಂತೆ ಮಾಡುತ್ತದೆ.","त्याच्या विचारानेच माझ्या हृदयाचे ठोके वाढतात.","அதன் நினைவே என் இதயத்தைத் துடிக்க வைக்கிறது."
p316,anticipation,"This is the moment we've all been working towards.","ನಾವೆಲ್ಲರೂ ಇದಕ್ಕಾಗಿ ಕೆಲಸ ಮಾಡುತ್ತಿರುವ ಕ್ಷಣ ಇದು.","हा तो क्षण आहे ज्यासाठी आपण सर्वजण काम करत आहोत.","நாம் அனைவரும் உழைத்துக் கொண்டிருக்கும் தருணம் இது."
p317,anticipation,"I'm looking forward to this more than words can say.","ನಾನು ಪದಗಳಲ್ಲಿ ಹೇಳುವುದಕ್ಕಿಂತ ಹೆಚ್ಚಾಗಿ ಇದಕ್ಕಾಗಿ ಎದುರು ನೋಡುತ್ತಿದ್ದೇನೆ.","मी शब्दांत सांगू शकेन त्यापेक्षा जास्त याची वाट पाहत आहे.","வார்த்தைகளால் சொல்ல முடியாத அளவுக்கு நான் இதை எதிர்பார்த்துக் கொண்டிருக்கிறேன்."
p318,anticipation,"The final chapter is just about to be written.","ಅಂತಿಮ ಅಧ್ಯಾಯವು ಬರೆಯಲ್ಪಡಲಿದೆ.","अंतिम अध्याय आता लिहिला जाणार आहे.","இறுதி அத்தியாயம் எழுதப்பட உள்ளது."
p319,anticipation,"We are getting closer with every passing second.","ಪ್ರತಿ ಕ್ಷಣವೂ ನಾವು ಹತ್ತಿರವಾಗುತ್ತಿದ್ದೇವೆ.","प्रत्येक क्षणागणिक आपण जवळ येत आहोत.","ஒவ்வொரு வினாடியும் நாம் நெருங்கி வருகிறோம்."
p320,anticipation,"The potential of what we can achieve is thrilling.","ನಾವು ಸಾಧಿಸಬಹುದಾದ ಸಾಮರ್ಥ್ಯವು ರೋಮಾಂಚನಕಾರಿಯಾಗಿದೆ.","आपण जे साध्य करू शकतो त्याची क्षमता रोमांचक आहे.","நாம் சாதிக்கக்கூடியவற்றின் ஆற்றல் பரவசமூட்டுகிறது."